{
  "run_id": "20260421_084943",
  "config": {
    "num_clients": 5,
    "num_rounds": 10,
    "epsilon": 1.0,
    "use_reputation": true,
    "poison_node_id": null
  },
  "pre_federation": {
    "0": {
      "service": "Login",
      "local_f1": 0.9836,
      "global_f1": 0.53
    },
    "1": {
      "service": "Payment",
      "local_f1": 0.9524,
      "global_f1": 0.4688
    },
    "2": {
      "service": "Search",
      "local_f1": 1.0,
      "global_f1": 0.3067
    },
    "3": {
      "service": "Profile",
      "local_f1": 0.9524,
      "global_f1": 0.5376
    },
    "4": {
      "service": "Admin",
      "local_f1": 0.9836,
      "global_f1": 0.3937
    }
  },
  "post_federation": {
    "0": {
      "service": "Login",
      "local_f1": 1.0,
      "global_f1": 0.8712,
      "improvement": 0.3412
    },
    "1": {
      "service": "Payment",
      "local_f1": 1.0,
      "global_f1": 0.7363,
      "improvement": 0.2675
    },
    "2": {
      "service": "Search",
      "local_f1": 1.0,
      "global_f1": 0.8759,
      "improvement": 0.5692
    },
    "3": {
      "service": "Profile",
      "local_f1": 1.0,
      "global_f1": 0.7935,
      "improvement": 0.2559
    },
    "4": {
      "service": "Admin",
      "local_f1": 0.9286,
      "global_f1": 0.7579,
      "improvement": 0.3642
    }
  },
  "mean_improvement": 0.35960000000000003,
  "final_trust_scores": {
    "0": 0.8974358272722464,
    "1": 0.8000349131535306,
    "2": 0.7031081991872158,
    "3": 0.7754322645626992,
    "4": 0.761029511763906
  },
  "round_results": [
    {
      "round": 1,
      "mean_global_f1": 0.4164,
      "node_metrics": {
        "0": {
          "f1": 0.4021,
          "precision": 0.2517,
          "recall": 1.0,
          "accuracy": 0.554,
          "threshold": 2770.8643,
          "weight_change": 0.065723,
          "trust_score": 1.0
        },
        "1": {
          "f1": 0.4854,
          "precision": 0.3205,
          "recall": 1.0,
          "accuracy": 0.682,
          "threshold": 399.6045,
          "weight_change": 0.064028,
          "trust_score": 1.0
        },
        "2": {
          "f1": 0.2429,
          "precision": 0.1432,
          "recall": 0.8,
          "accuracy": 0.252,
          "threshold": 976.5137,
          "weight_change": 0.063468,
          "trust_score": 1.0
        },
        "3": {
          "f1": 0.4307,
          "precision": 0.2765,
          "recall": 0.9733,
          "accuracy": 0.614,
          "threshold": 863.3373,
          "weight_change": 0.068198,
          "trust_score": 1.0
        },
        "4": {
          "f1": 0.5208,
          "precision": 0.3521,
          "recall": 1.0,
          "accuracy": 0.724,
          "threshold": 218.1946,
          "weight_change": 0.066602,
          "trust_score": 1.0
        }
      },
      "trust_scores": {
        "0": 0.40214477211796246,
        "1": 0.4854368932038835,
        "2": 0.242914979757085,
        "3": 0.4306784660766962,
        "4": 0.5208333333333334
      },
      "epsilon": 1.0,
      "use_reputation": true,
      "poison_active": false
    },
    {
      "round": 2,
      "mean_global_f1": 0.5827,
      "node_metrics": {
        "0": {
          "f1": 0.7547,
          "precision": 0.7143,
          "recall": 0.8,
          "accuracy": 0.922,
          "threshold": 4941.5699,
          "weight_change": 0.065056,
          "trust_score": 0.4021
        },
        "1": {
          "f1": 0.7816,
          "precision": 0.6869,
          "recall": 0.9067,
          "accuracy": 0.924,
          "threshold": 2099.4417,
          "weight_change": 0.06493,
          "trust_score": 0.4854
        },
        "2": {
          "f1": 0.2604,
          "precision": 0.1596,
          "recall": 0.7067,
          "accuracy": 0.398,
          "threshold": 1050.1329,
          "weight_change": 0.065068,
          "trust_score": 0.2429
        },
        "3": {
          "f1": 0.6772,
          "precision": 0.5614,
          "recall": 0.8533,
          "accuracy": 0.878,
          "threshold": 1258.214,
          "weight_change": 0.064936,
          "trust_score": 0.4307
        },
        "4": {
          "f1": 0.4394,
          "precision": 0.3069,
          "recall": 0.7733,
          "accuracy": 0.704,
          "threshold": 1919.6263,
          "weight_change": 0.06502,
          "trust_score": 0.5208
        }
      },
      "trust_scores": {
        "0": 0.578430876625019,
        "1": 0.6335230443030913,
        "2": 0.25167862009967273,
        "3": 0.5539635716626867,
        "4": 0.48011363636363635
      },
      "epsilon": 1.0,
      "use_reputation": true,
      "poison_active": false
    },
    {
      "round": 3,
      "mean_global_f1": 0.7854,
      "node_metrics": {
        "0": {
          "f1": 0.7547,
          "precision": 0.7143,
          "recall": 0.8,
          "accuracy": 0.922,
          "threshold": 4630.6438,
          "weight_change": 0.06258,
          "trust_score": 0.5784
        },
        "1": {
          "f1": 0.9252,
          "precision": 0.9444,
          "recall": 0.9067,
          "accuracy": 0.978,
          "threshold": 2729.8669,
          "weight_change": 0.062583,
          "trust_score": 0.6335
        },
        "2": {
          "f1": 0.8286,
          "precision": 0.8923,
          "recall": 0.7733,
          "accuracy": 0.952,
          "threshold": 1020.8475,
          "weight_change": 0.062568,
          "trust_score": 0.2517
        },
        "3": {
          "f1": 0.7784,
          "precision": 0.7065,
          "recall": 0.8667,
          "accuracy": 0.926,
          "threshold": 1363.8697,
          "weight_change": 0.062569,
          "trust_score": 0.554
        },
        "4": {
          "f1": 0.64,
          "precision": 0.512,
          "recall": 0.8533,
          "accuracy": 0.856,
          "threshold": 2150.3218,
          "weight_change": 0.062584,
          "trust_score": 0.4801
        }
      },
      "trust_scores": {
        "0": 0.6371929114607046,
        "1": 0.7307387188777978,
        "2": 0.44397622292359135,
        "3": 0.6287900856992762,
        "4": 0.5334090909090908
      },
      "epsilon": 1.0,
      "use_reputation": true,
      "poison_active": false
    },
    {
      "round": 4,
      "mean_global_f1": 0.5982,
      "node_metrics": {
        "0": {
          "f1": 0.5156,
          "precision": 0.3867,
          "recall": 0.7733,
          "accuracy": 0.782,
          "threshold": 5573.651,
          "weight_change": 0.057592,
          "trust_score": 0.6372
        },
        "1": {
          "f1": 0.8444,
          "precision": 0.95,
          "recall": 0.76,
          "accuracy": 0.958,
          "threshold": 2851.3431,
          "weight_change": 0.057618,
          "trust_score": 0.7307
        },
        "2": {
          "f1": 0.3166,
          "precision": 0.1974,
          "recall": 0.8,
          "accuracy": 0.482,
          "threshold": 1136.258,
          "weight_change": 0.05763,
          "trust_score": 0.444
        },
        "3": {
          "f1": 0.5989,
          "precision": 0.5196,
          "recall": 0.7067,
          "accuracy": 0.858,
          "threshold": 1358.2899,
          "weight_change": 0.057608,
          "trust_score": 0.6288
        },
        "4": {
          "f1": 0.7154,
          "precision": 0.9167,
          "recall": 0.5867,
          "accuracy": 0.93,
          "threshold": 2006.5408,
          "weight_change": 0.057611,
          "trust_score": 0.5334
        }
      },
      "trust_scores": {
        "0": 0.6749965059399022,
        "1": 0.8504079026246515,
        "2": 0.46854546010218834,
        "3": 0.6848539491727692,
        "4": 0.5982803646218281
      },
      "epsilon": 1.0,
      "use_reputation": true,
      "poison_active": false
    },
    {
      "round": 5,
      "mean_global_f1": 0.854,
      "node_metrics": {
        "0": {
          "f1": 0.9865,
          "precision": 1.0,
          "recall": 0.9733,