{
  "run_id": "20260425_144406",
  "config": {
    "num_clients": 5,
    "num_rounds": 10,
    "epsilon": 1.0,
    "use_reputation": true,
    "poison_node_id": null
  },
  "pre_federation": {
    "0": {
      "service": "Login",
      "local_f1": 1.0,
      "global_f1": 0.4717
    },
    "1": {
      "service": "Payment",
      "local_f1": 0.9375,
      "global_f1": 0.4983
    },
    "2": {
      "service": "Search",
      "local_f1": 0.9524,
      "global_f1": 0.3456
    },
    "3": {
      "service": "Profile",
      "local_f1": 0.9836,
      "global_f1": 0.5068
    },
    "4": {
      "service": "Admin",
      "local_f1": 0.9677,
      "global_f1": 0.4121
    }
  },
  "post_federation": {
    "0": {
      "service": "Login",
      "local_f1": 1.0,
      "global_f1": 0.9172,
      "improvement": 0.4455
    },
    "1": {
      "service": "Payment",
      "local_f1": 1.0,
      "global_f1": 0.7255,
      "improvement": 0.2272
    },
    "2": {
      "service": "Search",
      "local_f1": 1.0,
      "global_f1": 0.8759,
      "improvement": 0.5303
    },
    "3": {
      "service": "Profile",
      "local_f1": 1.0,
      "global_f1": 0.9065,
      "improvement": 0.3997
    },
    "4": {
      "service": "Admin",
      "local_f1": 0.7755,
      "global_f1": 0.7598,
      "improvement": 0.3477
    }
  },
  "mean_improvement": 0.39008000000000004,
  "final_trust_scores": {
    "0": 0.9503085940903312,
    "1": 0.8359188561370097,
    "2": 0.6791357456402064,
    "3": 0.8131104458135434,
    "4": 0.7724412353747233
  },
  "round_results": [
    {
      "round": 1,
      "mean_global_f1": 0.3763,
      "node_metrics": {
        "0": {
          "f1": 0.3989,
          "precision": 0.2517,
          "recall": 0.96,
          "accuracy": 0.566,
          "threshold": 630.1982,
          "weight_change": 0.064433,
          "trust_score": 1.0
        },
        "1": {
          "f1": 0.4918,
          "precision": 0.3261,
          "recall": 1.0,
          "accuracy": 0.69,
          "threshold": 1488.1872,
          "weight_change": 0.064172,
          "trust_score": 1.0
        },
        "2": {
          "f1": 0.1699,
          "precision": 0.101,
          "recall": 0.5333,
          "accuracy": 0.218,
          "threshold": 1648.9436,
          "weight_change": 0.066385,
          "trust_score": 1.0
        },
        "3": {
          "f1": 0.4412,
          "precision": 0.283,
          "recall": 1.0,
          "accuracy": 0.62,
          "threshold": 1231.6921,
          "weight_change": 0.063527,
          "trust_score": 1.0
        },
        "4": {
          "f1": 0.3797,
          "precision": 0.2344,
          "recall": 1.0,
          "accuracy": 0.51,
          "threshold": 606.2754,
          "weight_change": 0.063403,
          "trust_score": 1.0
        }
      },
      "trust_scores": {
        "0": 0.3988919667590028,
        "1": 0.4918032786885246,
        "2": 0.16985138004246284,
        "3": 0.4411764705882353,
        "4": 0.379746835443038
      },
      "epsilon": 1.0,
      "use_reputation": true,
      "poison_active": false
    },
    {
      "round": 2,
      "mean_global_f1": 0.5728,
      "node_metrics": {
        "0": {
          "f1": 0.7643,
          "precision": 0.7317,
          "recall": 0.8,
          "accuracy": 0.926,
          "threshold": 1543.91,
          "weight_change": 0.065121,
          "trust_score": 0.3989
        },
        "1": {
          "f1": 0.8121,
          "precision": 0.7444,
          "recall": 0.8933,
          "accuracy": 0.938,
          "threshold": 2467.1189,
          "weight_change": 0.065092,
          "trust_score": 0.4918
        },
        "2": {
          "f1": 0.2581,
          "precision": 0.1654,
          "recall": 0.5867,
          "accuracy": 0.494,
          "threshold": 3091.9084,
          "weight_change": 0.065116,
          "trust_score": 0.1699
        },
        "3": {
          "f1": 0.5662,
          "precision": 0.4306,
          "recall": 0.8267,
          "accuracy": 0.81,
          "threshold": 2229.7351,
          "weight_change": 0.065028,
          "trust_score": 0.4412
        },
        "4": {
          "f1": 0.4633,
          "precision": 0.3261,
          "recall": 0.8,
          "accuracy": 0.722,
          "threshold": 2021.7722,
          "weight_change": 0.065116,
          "trust_score": 0.3797
        }
      },
      "trust_scores": {
        "0": 0.5816115884750428,
        "1": 0.6519622454048684,
        "2": 0.21395794808574753,
        "3": 0.5036932581251679,
        "4": 0.42153364938175064
      },
      "epsilon": 1.0,
      "use_reputation": true,
      "poison_active": false
    },
    {
      "round": 3,
      "mean_global_f1": 0.7266,
      "node_metrics": {
        "0": {
          "f1": 0.8511,
          "precision": 0.9091,
          "recall": 0.8,
          "accuracy": 0.958,
          "threshold": 1389.4475,
          "weight_change": 0.062589,
          "trust_score": 0.5816
        },
        "1": {
          "f1": 0.8816,
          "precision": 0.8701,
          "recall": 0.8933,
          "accuracy": 0.964,
          "threshold": 4032.2876,
          "weight_change": 0.062588,
          "trust_score": 0.652
        },
        "2": {
          "f1": 0.4719,
          "precision": 0.4078,
          "recall": 0.56,
          "accuracy": 0.812,
          "threshold": 2927.1211,
          "weight_change": 0.062576,
          "trust_score": 0.214
        },
        "3": {
          "f1": 0.7458,
          "precision": 0.6471,
          "recall": 0.88,
          "accuracy": 0.91,
          "threshold": 1955.5424,
          "weight_change": 0.062583,
          "trust_score": 0.5037
        },
        "4": {
          "f1": 0.6827,
          "precision": 0.5338,
          "recall": 0.9467,
          "accuracy": 0.868,
          "threshold": 2303.1843,
          "weight_change": 0.062579,
          "trust_score": 0.4215
        }
      },
      "trust_scores": {
        "0": 0.6714290022457732,
        "1": 0.7285011460593859,
        "2": 0.2999420028436819,
        "3": 0.5843830760382475,
        "4": 0.5085865354852697
      },
      "epsilon": 1.0,
      "use_reputation": true,
      "poison_active": false
    },
    {
      "round": 4,
      "mean_global_f1": 0.6172,
      "node_metrics": {
        "0": {
          "f1": 0.554,
          "precision": 0.4275,
          "recall": 0.7867,
          "accuracy": 0.81,
          "threshold": 1396.4174,
          "weight_change": 0.057605,
          "trust_score": 0.6714
        },
        "1": {
          "f1": 0.8636,
          "precision": 1.0,
          "recall": 0.76,
          "accuracy": 0.964,
          "threshold": 3710.4525,
          "weight_change": 0.057609,
          "trust_score": 0.7285
        },
        "2": {
          "f1": 0.2896,
          "precision": 0.1937,
          "recall": 0.5733,
          "accuracy": 0.578,
          "threshold": 2667.7182,
          "weight_change": 0.057609,
          "trust_score": 0.2999
        },
        "3": {
          "f1": 0.597,
          "precision": 0.4762,
          "recall": 0.8,
          "accuracy": 0.838,
          "threshold": 2443.013,
          "weight_change": 0.057597,
          "trust_score": 0.5844
        },
        "4": {
          "f1": 0.782,
          "precision": 0.8966,
          "recall": 0.6933,
          "accuracy": 0.942,
          "threshold": 2310.892,
          "weight_change": 0.057612,
          "trust_score": 0.5086
        }
      },
      "trust_scores": {
        "0": 0.7231285501023185,
        "1": 0.8524455077086657,
        "2": 0.33984563935029083,
        "3": 0.6363292276332139,
        "4": 0.6426558860769387
      },
      "epsilon": 1.0,
      "use_reputation": true,
      "poison_active": false
    },
    {
      "round": 5,
      "mean_global_f1": 0.8316,
      "node_metrics": {
        "0": {
          "f1": 0.951,
          "precision": 1.0,
          "recall": 0.9067,