{
  "run_id": "20260421_092055",
  "config": {
    "num_clients": 5,
    "num_rounds": 10,
    "epsilon": 0.1,
    "use_reputation": true,
    "poison_node_id": null
  },
  "pre_federation": {
    "0": {
      "service": "Login",
      "local_f1": 1.0,
      "global_f1": 0.5068
    },
    "1": {
      "service": "Payment",
      "local_f1": 0.9091,
      "global_f1": 0.6757
    },
    "2": {
      "service": "Search",
      "local_f1": 0.9524,
      "global_f1": 0.3589
    },
    "3": {
      "service": "Profile",
      "local_f1": 0.9524,
      "global_f1": 0.4777
    },
    "4": {
      "service": "Admin",
      "local_f1": 1.0,
      "global_f1": 0.3856
    }
  },
  "post_federation": {
    "0": {
      "service": "Login",
      "local_f1": 1.0,
      "global_f1": 0.8304,
      "improvement": 0.3236
    },
    "1": {
      "service": "Payment",
      "local_f1": 1.0,
      "global_f1": 0.7136,
      "improvement": 0.0379
    },
    "2": {
      "service": "Search",
      "local_f1": 1.0,
      "global_f1": 0.8889,
      "improvement": 0.53
    },
    "3": {
      "service": "Profile",
      "local_f1": 0.9655,
      "global_f1": 0.7978,
      "improvement": 0.3201
    },
    "4": {
      "service": "Admin",
      "local_f1": 0.8302,
      "global_f1": 0.7907,
      "improvement": 0.4051
    }
  },
  "mean_improvement": 0.32334,
  "final_trust_scores": {
    "0": 0.8670720214812233,
    "1": 0.7629129836105237,
    "2": 0.6967770891138403,
    "3": 0.8029620742210583,
    "4": 0.7807417399370603
  },
  "round_results": [
    {
      "round": 1,
      "mean_global_f1": 0.4348,
      "node_metrics": {
        "0": {
          "f1": 0.4054,
          "precision": 0.2542,
          "recall": 1.0,
          "accuracy": 0.56,
          "threshold": 2666521521.2769,
          "weight_change": 0.0659,
          "trust_score": 1.0
        },
        "1": {
          "f1": 0.6329,
          "precision": 0.463,
          "recall": 1.0,
          "accuracy": 0.826,
          "threshold": 932326744.2308,
          "weight_change": 0.066335,
          "trust_score": 1.0
        },
        "2": {
          "f1": 0.2609,
          "precision": 0.1531,
          "recall": 0.88,
          "accuracy": 0.252,
          "threshold": 1062702229.1621,
          "weight_change": 0.068302,
          "trust_score": 1.0
        },
        "3": {
          "f1": 0.3464,
          "precision": 0.2095,
          "recall": 1.0,
          "accuracy": 0.434,
          "threshold": 956096009.4765,
          "weight_change": 0.064756,
          "trust_score": 1.0
        },
        "4": {
          "f1": 0.5282,
          "precision": 0.3589,
          "recall": 1.0,
          "accuracy": 0.732,
          "threshold": 840006666.2178,
          "weight_change": 0.064267,
          "trust_score": 1.0
        }
      },
      "trust_scores": {
        "0": 0.40540540540540543,
        "1": 0.6329113924050633,
        "2": 0.2608695652173913,
        "3": 0.3464203233256351,
        "4": 0.528169014084507
      },
      "epsilon": 0.1,
      "use_reputation": true,
      "poison_active": false
    },
    {
      "round": 2,
      "mean_global_f1": 0.4173,
      "node_metrics": {
        "0": {
          "f1": 0.6716,
          "precision": 0.7627,
          "recall": 0.6,
          "accuracy": 0.912,
          "threshold": 4612143326.5012,
          "weight_change": 0.066303,
          "trust_score": 0.4054
        },
        "1": {
          "f1": 0.5781,
          "precision": 0.6981,
          "recall": 0.4933,
          "accuracy": 0.892,
          "threshold": 2693970724.7318,
          "weight_change": 0.066302,
          "trust_score": 0.6329
        },
        "2": {
          "f1": 0.1891,
          "precision": 0.1149,
          "recall": 0.5333,
          "accuracy": 0.314,
          "threshold": 2153544002.2088,
          "weight_change": 0.066303,
          "trust_score": 0.2609
        },
        "3": {
          "f1": 0.3739,
          "precision": 0.2774,
          "recall": 0.5733,
          "accuracy": 0.712,
          "threshold": 1977094308.3494,
          "weight_change": 0.066296,
          "trust_score": 0.3464
        },
        "4": {
          "f1": 0.2738,
          "precision": 0.1915,
          "recall": 0.48,
          "accuracy": 0.618,
          "threshold": 902603278.2616,
          "weight_change": 0.066304,
          "trust_score": 0.5282
        }
      },
      "trust_scores": {
        "0": 0.5385235982250908,
        "1": 0.6055181962025317,
        "2": 0.22499743036283276,
        "3": 0.360166683401948,
        "4": 0.40096663631982005
      },
      "epsilon": 0.1,
      "use_reputation": true,
      "poison_active": false
    },
    {
      "round": 3,
      "mean_global_f1": 0.6934,
      "node_metrics": {
        "0": {
          "f1": 0.7973,
          "precision": 0.8082,
          "recall": 0.7867,
          "accuracy": 0.94,
          "threshold": 4239802807.6208,
          "weight_change": 0.063843,
          "trust_score": 0.5385
        },
        "1": {
          "f1": 0.8777,
          "precision": 0.9531,
          "recall": 0.8133,
          "accuracy": 0.966,
          "threshold": 2835088578.0859,
          "weight_change": 0.063841,
          "trust_score": 0.6055
        },
        "2": {
          "f1": 0.4924,
          "precision": 0.3439,
          "recall": 0.8667,
          "accuracy": 0.732,
          "threshold": 2270797342.28,
          "weight_change": 0.06384,
          "trust_score": 0.225
        },
        "3": {
          "f1": 0.7931,
          "precision": 0.697,
          "recall": 0.92,
          "accuracy": 0.928,
          "threshold": 2668940582.8712,
          "weight_change": 0.06384,
          "trust_score": 0.3602
        },
        "4": {
          "f1": 0.5064,
          "precision": 0.3734,
          "recall": 0.7867,
          "accuracy": 0.77,
          "threshold": 1913066593.5655,
          "weight_change": 0.063841,
          "trust_score": 0.401
        }
      },
      "trust_scores": {
        "0": 0.6247814979158263,
        "1": 0.6962447447105607,
        "2": 0.3141397010499693,
        "3": 0.5044789383599194,
        "4": 0.4361236802933279
      },
      "epsilon": 0.1,
      "use_reputation": true,
      "poison_active": false
    },
    {
      "round": 4,
      "mean_global_f1": 0.6471,
      "node_metrics": {
        "0": {
          "f1": 0.5198,
          "precision": 0.3882,
          "recall": 0.7867,
          "accuracy": 0.782,
          "threshold": 4768889359.4049,
          "weight_change": 0.058876,
          "trust_score": 0.6248
        },
        "1": {
          "f1": 0.8382,
          "precision": 0.9344,
          "recall": 0.76,
          "accuracy": 0.956,
          "threshold": 2962839541.3845,
          "weight_change": 0.058877,
          "trust_score": 0.6962
        },
        "2": {
          "f1": 0.3814,
          "precision": 0.2795,
          "recall": 0.6,
          "accuracy": 0.708,
          "threshold": 4647840999.8829,
          "weight_change": 0.058881,
          "trust_score": 0.3141
        },
        "3": {
          "f1": 0.6154,
          "precision": 0.5,
          "recall": 0.8,
          "accuracy": 0.85,
          "threshold": 3049698789.8228,
          "weight_change": 0.058877,
          "trust_score": 0.5045
        },
        "4": {
          "f1": 0.8806,
          "precision": 1.0,
          "recall": 0.7867,
          "accuracy": 0.968,
          "threshold": 1714280053.4445,
          "weight_change": 0.058878,
          "trust_score": 0.4361
        }
      },
      "trust_scores": {
        "0": 0.6629209589627764,
        "1": 0.7646860452814219,
        "2": 0.35430182337863547,
        "3": 0.5941337023795795,
        "4": 0.5535996805736165
      },
      "epsilon": 0.1,
      "use_reputation": true,
      "poison_active": false
    },
    {
      "round": 5,
      "mean_global_f1": 0.8028,