{
  "run_id": "20260420_120929",
  "config": {
    "num_clients": 5,
    "num_rounds": 10,
    "epsilon": 0.1,
    "use_reputation": true,
    "poison_node_id": null
  },
  "pre_federation": {
    "0": {
      "service": "Login",
      "local_f1": 0.9375,
      "global_f1": 0.6122
    },
    "1": {
      "service": "Payment",
      "local_f1": 0.9677,
      "global_f1": 0.53
    },
    "2": {
      "service": "Search",
      "local_f1": 0.9677,
      "global_f1": 0.3138
    },
    "3": {
      "service": "Profile",
      "local_f1": 0.9375,
      "global_f1": 0.5137
    },
    "4": {
      "service": "Admin",
      "local_f1": 0.9524,
      "global_f1": 0.431
    }
  },
  "post_federation": {
    "0": {
      "service": "Login",
      "local_f1": 1.0,
      "global_f1": 0.9796,
      "improvement": 0.3674
    },
    "1": {
      "service": "Payment",
      "local_f1": 1.0,
      "global_f1": 0.9589,
      "improvement": 0.4289
    },
    "2": {
      "service": "Search",
      "local_f1": 0.9831,
      "global_f1": 0.8889,
      "improvement": 0.5751
    },
    "3": {
      "service": "Profile",
      "local_f1": 0.9655,
      "global_f1": 0.9733,
      "improvement": 0.4596
    },
    "4": {
      "service": "Admin",
      "local_f1": 0.0,
      "global_f1": 0.8806,
      "improvement": 0.4496
    }
  },
  "mean_improvement": 0.45611999999999997,
  "final_trust_scores": {
    "0": 0.8475601163252495,
    "1": 0.896482635465966,
    "2": 0.665706409513056,
    "3": 0.9256614300396416,
    "4": 0.8217502569313059
  },
  "round_results": [
    {
      "round": 1,
      "mean_global_f1": 0.4232,
      "node_metrics": {
        "0": {
          "f1": 0.4178,
          "precision": 0.2641,
          "recall": 1.0,
          "accuracy": 0.582,
          "threshold": 451926021.4988,
          "weight_change": 0.055749,
          "trust_score": 1.0
        },
        "1": {
          "f1": 0.5276,
          "precision": 0.3743,
          "recall": 0.8933,
          "accuracy": 0.76,
          "threshold": 249952695.7405,
          "weight_change": 0.056758,
          "trust_score": 1.0
        },
        "2": {
          "f1": 0.2162,
          "precision": 0.1281,
          "recall": 0.6933,
          "accuracy": 0.246,
          "threshold": 746276443.444,
          "weight_change": 0.055203,
          "trust_score": 1.0
        },
        "3": {
          "f1": 0.4226,
          "precision": 0.272,
          "recall": 0.9467,
          "accuracy": 0.612,
          "threshold": 459525422.6616,
          "weight_change": 0.060361,
          "trust_score": 1.0
        },
        "4": {
          "f1": 0.5319,
          "precision": 0.3623,
          "recall": 1.0,
          "accuracy": 0.736,
          "threshold": 486940330.9175,
          "weight_change": 0.057078,
          "trust_score": 1.0
        }
      },
      "trust_scores": {
        "0": 0.4178272980501393,
        "1": 0.5275590551181102,
        "2": 0.21621621621621623,
        "3": 0.4226190476190476,
        "4": 0.5319148936170213
      },
      "epsilon": 0.1,
      "use_reputation": true,
      "poison_active": false
    },
    {
      "round": 2,
      "mean_global_f1": 0.4486,
      "node_metrics": {
        "0": {
          "f1": 0.3965,
          "precision": 0.2961,
          "recall": 0.6,
          "accuracy": 0.726,
          "threshold": 729571423.1247,
          "weight_change": 0.066305,
          "trust_score": 0.4178
        },
        "1": {
          "f1": 0.6047,
          "precision": 0.7222,
          "recall": 0.52,
          "accuracy": 0.898,
          "threshold": 1185404285.4675,
          "weight_change": 0.066299,
          "trust_score": 0.5276
        },
        "2": {
          "f1": 0.2234,
          "precision": 0.1379,
          "recall": 0.5867,
          "accuracy": 0.388,
          "threshold": 1499103242.2434,
          "weight_change": 0.066306,
          "trust_score": 0.2162
        },
        "3": {
          "f1": 0.4607,
          "precision": 0.3793,
          "recall": 0.5867,
          "accuracy": 0.794,
          "threshold": 1446360166.0928,
          "weight_change": 0.066305,
          "trust_score": 0.4226
        },
        "4": {
          "f1": 0.5578,
          "precision": 0.5694,
          "recall": 0.5467,
          "accuracy": 0.87,
          "threshold": 3351851759.0435,
          "weight_change": 0.066303,
          "trust_score": 0.5319
        }
      },
      "trust_scores": {
        "0": 0.4071515344876247,
        "1": 0.5661051089544039,
        "2": 0.21978323501166142,
        "3": 0.44167601595612066,
        "4": 0.544869011434361
      },
      "epsilon": 0.1,
      "use_reputation": true,
      "poison_active": false
    },
    {
      "round": 3,
      "mean_global_f1": 0.7627,
      "node_metrics": {
        "0": {
          "f1": 0.9,
          "precision": 0.8471,
          "recall": 0.96,
          "accuracy": 0.968,
          "threshold": 791335440.2578,
          "weight_change": 0.063841,
          "trust_score": 0.4072
        },
        "1": {
          "f1": 0.8841,
          "precision": 0.9683,
          "recall": 0.8133,
          "accuracy": 0.968,
          "threshold": 1259246633.108,
          "weight_change": 0.063842,
          "trust_score": 0.5661
        },
        "2": {
          "f1": 0.5508,
          "precision": 0.4037,
          "recall": 0.8667,
          "accuracy": 0.788,
          "threshold": 2021443479.6644,
          "weight_change": 0.063843,
          "trust_score": 0.2198
        },
        "3": {
          "f1": 0.7059,
          "precision": 0.6316,
          "recall": 0.8,
          "accuracy": 0.9,
          "threshold": 2045566386.7974,
          "weight_change": 0.063842,
          "trust_score": 0.4417
        },
        "4": {
          "f1": 0.7727,
          "precision": 0.6733,
          "recall": 0.9067,
          "accuracy": 0.92,
          "threshold": 3241694816.7341,
          "weight_change": 0.063842,
          "trust_score": 0.5449
        }
      },
      "trust_scores": {
        "0": 0.5714343563250831,
        "1": 0.6720893963077669,
        "2": 0.3301379758834805,
        "3": 0.5297447949511392,
        "4": 0.6208217651986648
      },
      "epsilon": 0.1,
      "use_reputation": true,
      "poison_active": false
    },
    {
      "round": 4,
      "mean_global_f1": 0.5789,
      "node_metrics": {
        "0": {
          "f1": 0.6051,
          "precision": 0.4917,
          "recall": 0.7867,
          "accuracy": 0.846,
          "threshold": 903962598.7391,
          "weight_change": 0.058878,
          "trust_score": 0.5714
        },
        "1": {
          "f1": 0.7971,
          "precision": 0.873,
          "recall": 0.7333,
          "accuracy": 0.944,
          "threshold": 1549159011.7213,
          "weight_change": 0.058876,
          "trust_score": 0.6721
        },
        "2": {
          "f1": 0.2411,
          "precision": 0.1812,
          "recall": 0.36,
          "accuracy": 0.66,
          "threshold": 1838484264.8869,
          "weight_change": 0.058878,
          "trust_score": 0.3301
        },
        "3": {
          "f1": 0.5143,
          "precision": 0.45,
          "recall": 0.6,
          "accuracy": 0.83,
          "threshold": 2033555293.1537,
          "weight_change": 0.058878,
          "trust_score": 0.5297
        },
        "4": {
          "f1": 0.7368,
          "precision": 0.8448,
          "recall": 0.6533,
          "accuracy": 0.93,
          "threshold": 3345482649.7882,
          "weight_change": 0.058876,
          "trust_score": 0.6208
        }
      },
      "trust_scores": {
        "0": 0.6338679920177718,
        "1": 0.761936861026851,
        "2": 0.3384230466685512,
        "3": 0.5603003505066948,
        "4": 0.6891308357473771
      },
      "epsilon": 0.1,
      "use_reputation": true,
      "poison_active": false
    },
    {
      "round": 5,
      "mean_global_f1": 0.8717,