{
  "run_id": "20260420_223253",
  "config": {
    "num_clients": 5,
    "num_rounds": 10,
    "epsilon": 1.0,
    "use_reputation": true,
    "poison_node_id": null
  },
  "pre_federation": {
    "0": {
      "service": "Login",
      "local_f1": 0.9836,
      "global_f1": 0.5137
    },
    "1": {
      "service": "Payment",
      "local_f1": 0.9091,
      "global_f1": 0.4237
    },
    "2": {
      "service": "Search",
      "local_f1": 0.9375,
      "global_f1": 0.3319
    },
    "3": {
      "service": "Profile",
      "local_f1": 0.9375,
      "global_f1": 0.5017
    },
    "4": {
      "service": "Admin",
      "local_f1": 0.9524,
      "global_f1": 0.3807
    }
  },
  "post_federation": {
    "0": {
      "service": "Login",
      "local_f1": 1.0,
      "global_f1": 0.882,
      "improvement": 0.3683
    },
    "1": {
      "service": "Payment",
      "local_f1": 1.0,
      "global_f1": 0.9241,
      "improvement": 0.5004
    },
    "2": {
      "service": "Search",
      "local_f1": 1.0,
      "global_f1": 0.8759,
      "improvement": 0.544
    },
    "3": {
      "service": "Profile",
      "local_f1": 1.0,
      "global_f1": 0.8439,
      "improvement": 0.3422
    },
    "4": {
      "service": "Admin",
      "local_f1": 0.4615,
      "global_f1": 0.8182,
      "improvement": 0.4375
    }
  },
  "mean_improvement": 0.43848000000000004,
  "final_trust_scores": {
    "0": 0.8964817349194653,
    "1": 0.8502816304281994,
    "2": 0.6374323397823798,
    "3": 0.7088627644986026,
    "4": 0.8519940468743111
  },
  "round_results": [
    {
      "round": 1,
      "mean_global_f1": 0.4265,
      "node_metrics": {
        "0": {
          "f1": 0.4065,
          "precision": 0.2551,
          "recall": 1.0,
          "accuracy": 0.562,
          "threshold": 2914.9199,
          "weight_change": 0.066151,
          "trust_score": 1.0
        },
        "1": {
          "f1": 0.5952,
          "precision": 0.4237,
          "recall": 1.0,
          "accuracy": 0.796,
          "threshold": 2087.1152,
          "weight_change": 0.058894,
          "trust_score": 1.0
        },
        "2": {
          "f1": 0.2581,
          "precision": 0.152,
          "recall": 0.8533,
          "accuracy": 0.264,
          "threshold": 1187.2843,
          "weight_change": 0.065104,
          "trust_score": 1.0
        },
        "3": {
          "f1": 0.3529,
          "precision": 0.2143,
          "recall": 1.0,
          "accuracy": 0.45,
          "threshold": 72.835,
          "weight_change": 0.065836,
          "trust_score": 1.0
        },
        "4": {
          "f1": 0.5199,
          "precision": 0.3564,
          "recall": 0.96,
          "accuracy": 0.734,
          "threshold": 1009.0548,
          "weight_change": 0.063617,
          "trust_score": 1.0
        }
      },
      "trust_scores": {
        "0": 0.4065040650406504,
        "1": 0.5952380952380952,
        "2": 0.25806451612903225,
        "3": 0.35294117647058826,
        "4": 0.51985559566787
      },
      "epsilon": 1.0,
      "use_reputation": true,
      "poison_active": false
    },
    {
      "round": 2,
      "mean_global_f1": 0.5675,
      "node_metrics": {
        "0": {
          "f1": 0.7742,
          "precision": 0.75,
          "recall": 0.8,
          "accuracy": 0.93,
          "threshold": 5188.9431,
          "weight_change": 0.06501,
          "trust_score": 0.4065
        },
        "1": {
          "f1": 0.7534,
          "precision": 0.7746,
          "recall": 0.7333,
          "accuracy": 0.928,
          "threshold": 5286.2077,
          "weight_change": 0.064872,
          "trust_score": 0.5952
        },
        "2": {
          "f1": 0.2319,
          "precision": 0.1387,
          "recall": 0.7067,
          "accuracy": 0.298,
          "threshold": 2117.5152,
          "weight_change": 0.065015,
          "trust_score": 0.2581
        },
        "3": {
          "f1": 0.4111,
          "precision": 0.2596,
          "recall": 0.9867,
          "accuracy": 0.576,
          "threshold": 586.0244,
          "weight_change": 0.065017,
          "trust_score": 0.3529
        },
        "4": {
          "f1": 0.6667,
          "precision": 0.6806,
          "recall": 0.6533,
          "accuracy": 0.902,
          "threshold": 3361.0259,
          "weight_change": 0.065009,
          "trust_score": 0.5199
        }
      },
      "trust_scores": {
        "0": 0.5903488067138736,
        "1": 0.6743313763861709,
        "2": 0.24500599985882685,
        "3": 0.38202614379084965,
        "4": 0.5932611311672683
      },
      "epsilon": 1.0,
      "use_reputation": true,
      "poison_active": false
    },
    {
      "round": 3,
      "mean_global_f1": 0.7266,
      "node_metrics": {
        "0": {
          "f1": 0.7547,
          "precision": 0.7143,
          "recall": 0.8,
          "accuracy": 0.922,
          "threshold": 4807.7524,
          "weight_change": 0.062592,
          "trust_score": 0.5903
        },
        "1": {
          "f1": 0.8921,
          "precision": 0.9688,
          "recall": 0.8267,
          "accuracy": 0.97,
          "threshold": 5479.4117,
          "weight_change": 0.062585,
          "trust_score": 0.6743
        },
        "2": {
          "f1": 0.4875,
          "precision": 0.3333,
          "recall": 0.9067,
          "accuracy": 0.714,
          "threshold": 3894.1626,
          "weight_change": 0.062587,
          "trust_score": 0.245
        },
        "3": {
          "f1": 0.7473,
          "precision": 0.6355,
          "recall": 0.9067,
          "accuracy": 0.908,
          "threshold": 1216.6095,
          "weight_change": 0.062587,
          "trust_score": 0.382
        },
        "4": {
          "f1": 0.7514,
          "precision": 0.6633,
          "recall": 0.8667,
          "accuracy": 0.914,
          "threshold": 3251.3563,
          "weight_change": 0.062575,
          "trust_score": 0.5933
        }
      },
      "trust_scores": {
        "0": 0.6451381981866076,
        "1": 0.7469163612358646,
        "2": 0.3258223989500901,
        "3": 0.5037683449448155,
        "4": 0.6459891163465796
      },
      "epsilon": 1.0,
      "use_reputation": true,
      "poison_active": false
    },
    {
      "round": 4,
      "mean_global_f1": 0.6454,
      "node_metrics": {
        "0": {
          "f1": 0.511,
          "precision": 0.3816,
          "recall": 0.7733,
          "accuracy": 0.778,
          "threshold": 5822.3373,
          "weight_change": 0.057592,
          "trust_score": 0.6451
        },
        "1": {
          "f1": 0.7852,
          "precision": 0.8833,
          "recall": 0.7067,
          "accuracy": 0.942,
          "threshold": 6515.3887,
          "weight_change": 0.057597,
          "trust_score": 0.7469
        },
        "2": {
          "f1": 0.3852,
          "precision": 0.2781,
          "recall": 0.6267,
          "accuracy": 0.7,
          "threshold": 4506.9679,
          "weight_change": 0.057623,
          "trust_score": 0.3258
        },
        "3": {
          "f1": 0.7516,
          "precision": 0.7195,
          "recall": 0.7867,
          "accuracy": 0.922,
          "threshold": 1435.907,
          "weight_change": 0.057627,
          "trust_score": 0.5038
        },
        "4": {
          "f1": 0.7939,
          "precision": 0.9286,
          "recall": 0.6933,
          "accuracy": 0.946,
          "threshold": 2886.6149,
          "weight_change": 0.057613,
          "trust_score": 0.646
        }
      },
      "trust_scores": {
        "0": 0.6799745817927344,
        "1": 0.8102320578848946,
        "2": 0.368216194120194,
        "3": 0.6366520716839188,
        "4": 0.7373349610476204
      },
      "epsilon": 1.0,
      "use_reputation": true,
      "poison_active": false
    },
    {
      "round": 5,
      "mean_global_f1": 0.8893,
      "node_metrics": {
        "0": {
          "f1": 0.9865,
          "precision": 1.0,