{
  "run_id": "20260420_120933",
  "config": {
    "num_clients": 5,
    "num_rounds": 10,
    "epsilon": 0.5,
    "use_reputation": true,
    "poison_node_id": null
  },
  "pre_federation": {
    "0": {
      "service": "Login",
      "local_f1": 0.9375,
      "global_f1": 0.6122
    },
    "1": {
      "service": "Payment",
      "local_f1": 0.9677,
      "global_f1": 0.53
    },
    "2": {
      "service": "Search",
      "local_f1": 0.9677,
      "global_f1": 0.3138
    },
    "3": {
      "service": "Profile",
      "local_f1": 0.9375,
      "global_f1": 0.5137
    },
    "4": {
      "service": "Admin",
      "local_f1": 0.9524,
      "global_f1": 0.431
    }
  },
  "post_federation": {
    "0": {
      "service": "Login",
      "local_f1": 1.0,
      "global_f1": 0.9796,
      "improvement": 0.3674
    },
    "1": {
      "service": "Payment",
      "local_f1": 1.0,
      "global_f1": 0.9589,
      "improvement": 0.4289
    },
    "2": {
      "service": "Search",
      "local_f1": 1.0,
      "global_f1": 0.8889,
      "improvement": 0.5751
    },
    "3": {
      "service": "Profile",
      "local_f1": 0.9091,
      "global_f1": 0.9733,
      "improvement": 0.4596
    },
    "4": {
      "service": "Admin",
      "local_f1": 0.0,
      "global_f1": 0.8806,
      "improvement": 0.4496
    }
  },
  "mean_improvement": 0.45611999999999997,
  "final_trust_scores": {
    "0": 0.8506391278427753,
    "1": 0.888695934449972,
    "2": 0.6729369543740802,
    "3": 0.9262462462462463,
    "4": 0.8231149154409442
  },
  "round_results": [
    {
      "round": 1,
      "mean_global_f1": 0.4142,
      "node_metrics": {
        "0": {
          "f1": 0.4144,
          "precision": 0.2613,
          "recall": 1.0,
          "accuracy": 0.576,
          "threshold": 27974.9324,
          "weight_change": 0.055446,
          "trust_score": 1.0
        },
        "1": {
          "f1": 0.5115,
          "precision": 0.3583,
          "recall": 0.8933,
          "accuracy": 0.744,
          "threshold": 16328.8431,
          "weight_change": 0.056422,
          "trust_score": 1.0
        },
        "2": {
          "f1": 0.2199,
          "precision": 0.1302,
          "recall": 0.7067,
          "accuracy": 0.248,
          "threshold": 51737.6755,
          "weight_change": 0.054764,
          "trust_score": 1.0
        },
        "3": {
          "f1": 0.4201,
          "precision": 0.27,
          "recall": 0.9467,
          "accuracy": 0.608,
          "threshold": 32168.2632,
          "weight_change": 0.05997,
          "trust_score": 1.0
        },
        "4": {
          "f1": 0.5051,
          "precision": 0.3378,
          "recall": 1.0,
          "accuracy": 0.706,
          "threshold": 29281.3075,
          "weight_change": 0.056638,
          "trust_score": 1.0
        }
      },
      "trust_scores": {
        "0": 0.4143646408839779,
        "1": 0.5114503816793893,
        "2": 0.21991701244813278,
        "3": 0.42011834319526625,
        "4": 0.5050505050505051
      },
      "epsilon": 0.5,
      "use_reputation": true,
      "poison_active": false
    },
    {
      "round": 2,
      "mean_global_f1": 0.4565,
      "node_metrics": {
        "0": {
          "f1": 0.393,
          "precision": 0.2922,
          "recall": 0.6,
          "accuracy": 0.722,
          "threshold": 46891.3704,
          "weight_change": 0.065803,
          "trust_score": 0.4144
        },
        "1": {
          "f1": 0.6667,
          "precision": 0.7302,
          "recall": 0.6133,
          "accuracy": 0.908,
          "threshold": 71752.4416,
          "weight_change": 0.065765,
          "trust_score": 0.5115
        },
        "2": {
          "f1": 0.2183,
          "precision": 0.1348,
          "recall": 0.5733,
          "accuracy": 0.384,
          "threshold": 99453.2098,
          "weight_change": 0.065805,
          "trust_score": 0.2199
        },
        "3": {
          "f1": 0.4526,
          "precision": 0.3739,
          "recall": 0.5733,
          "accuracy": 0.792,
          "threshold": 91497.014,
          "weight_change": 0.065797,
          "trust_score": 0.4201
        },
        "4": {
          "f1": 0.5517,
          "precision": 0.5714,
          "recall": 0.5333,
          "accuracy": 0.87,
          "threshold": 200708.2253,
          "weight_change": 0.065792,
          "trust_score": 0.5051
        }
      },
      "trust_scores": {
        "0": 0.40368887066032955,
        "1": 0.589058524173028,
        "2": 0.21909556206162983,
        "3": 0.43637496107131735,
        "4": 0.5283873214907697
      },
      "epsilon": 0.5,
      "use_reputation": true,
      "poison_active": false
    },
    {
      "round": 3,
      "mean_global_f1": 0.7673,
      "node_metrics": {
        "0": {
          "f1": 0.9114,
          "precision": 0.8675,
          "recall": 0.96,
          "accuracy": 0.972,
          "threshold": 50961.7636,
          "weight_change": 0.063296,
          "trust_score": 0.4037
        },
        "1": {
          "f1": 0.8841,
          "precision": 0.9683,
          "recall": 0.8133,
          "accuracy": 0.968,
          "threshold": 78303.4767,
          "weight_change": 0.063299,
          "trust_score": 0.5891
        },
        "2": {
          "f1": 0.5603,
          "precision": 0.414,
          "recall": 0.8667,
          "accuracy": 0.796,
          "threshold": 129304.5333,
          "weight_change": 0.063298,
          "trust_score": 0.2191
        },
        "3": {
          "f1": 0.7143,
          "precision": 0.6452,
          "recall": 0.8,
          "accuracy": 0.904,
          "threshold": 132013.5763,
          "weight_change": 0.063295,
          "trust_score": 0.4364
        },
        "4": {
          "f1": 0.7667,
          "precision": 0.6571,
          "recall": 0.92,
          "accuracy": 0.916,
          "threshold": 197685.3492,
          "weight_change": 0.063292,
          "trust_score": 0.5284
        }
      },
      "trust_scores": {
        "0": 0.5729233821279834,
        "1": 0.6873916731201829,
        "2": 0.33284531723648886,
        "3": 0.5290118788094497,
        "4": 0.6078137698827354
      },
      "epsilon": 0.5,
      "use_reputation": true,
      "poison_active": false
    },
    {
      "round": 4,
      "mean_global_f1": 0.5106,
      "node_metrics": {
        "0": {
          "f1": 0.5189,
          "precision": 0.4364,
          "recall": 0.64,
          "accuracy": 0.822,
          "threshold": 60254.0663,
          "weight_change": 0.058318,
          "trust_score": 0.5729
        },
        "1": {
          "f1": 0.8058,
          "precision": 0.875,
          "recall": 0.7467,
          "accuracy": 0.946,
          "threshold": 96483.9526,
          "weight_change": 0.058314,
          "trust_score": 0.6874
        },
        "2": {
          "f1": 0.2407,
          "precision": 0.1844,
          "recall": 0.3467,
          "accuracy": 0.672,
          "threshold": 116463.8912,
          "weight_change": 0.058317,
          "trust_score": 0.3328
        },
        "3": {
          "f1": 0.3875,
          "precision": 0.3647,
          "recall": 0.4133,
          "accuracy": 0.804,
          "threshold": 131108.5582,
          "weight_change": 0.058314,
          "trust_score": 0.529
        },
        "4": {
          "f1": 0.6,
          "precision": 0.8,
          "recall": 0.48,
          "accuracy": 0.904,
          "threshold": 207908.984,
          "weight_change": 0.058308,
          "trust_score": 0.6078
        }
      },
      "trust_scores": {
        "0": 0.6077748081396305,
        "1": 0.785493344454871,
        "2": 0.3397865600006915,
        "3": 0.5181390977443608,
        "4": 0.6394636015325671
      },
      "epsilon": 0.5,
      "use_reputation": true,
      "poison_active": false
    },
    {
      "round": 5,
      "mean_global_f1": 0.8616,
      "node_metrics": {
        "0": {
          "f1": 0.9494,