{
  "run_id": "20260425_093448",
  "config": {
    "num_clients": 5,
    "num_rounds": 10,
    "epsilon": 1.0,
    "use_reputation": true,
    "poison_node_id": null
  },
  "pre_federation": {
    "0": {
      "service": "Login",
      "local_f1": 0.9836,
      "global_f1": 0.5415
    },
    "1": {
      "service": "Payment",
      "local_f1": 0.9524,
      "global_f1": 0.3741
    },
    "2": {
      "service": "Search",
      "local_f1": 0.9677,
      "global_f1": 0.3158
    },
    "3": {
      "service": "Profile",
      "local_f1": 0.9231,
      "global_f1": 0.5792
    },
    "4": {
      "service": "Admin",
      "local_f1": 0.9836,
      "global_f1": 0.3979
    }
  },
  "post_federation": {
    "0": {
      "service": "Login",
      "local_f1": 1.0,
      "global_f1": 0.9427,
      "improvement": 0.4012
    },
    "1": {
      "service": "Payment",
      "local_f1": 1.0,
      "global_f1": 0.7708,
      "improvement": 0.3967
    },
    "2": {
      "service": "Search",
      "local_f1": 1.0,
      "global_f1": 0.8921,
      "improvement": 0.5763
    },
    "3": {
      "service": "Profile",
      "local_f1": 1.0,
      "global_f1": 0.9299,
      "improvement": 0.3507
    },
    "4": {
      "service": "Admin",
      "local_f1": 0.8679,
      "global_f1": 0.7,
      "improvement": 0.3021
    }
  },
  "mean_improvement": 0.40540000000000004,
  "final_trust_scores": {
    "0": 0.9171369304731923,
    "1": 0.7537360423596379,
    "2": 0.6696429277145192,
    "3": 0.8336913616201804,
    "4": 0.7898348813209495
  },
  "round_results": [
    {
      "round": 1,
      "mean_global_f1": 0.4105,
      "node_metrics": {
        "0": {
          "f1": 0.3958,
          "precision": 0.2467,
          "recall": 1.0,
          "accuracy": 0.542,
          "threshold": 725.6201,
          "weight_change": 0.064986,
          "trust_score": 1.0
        },
        "1": {
          "f1": 0.5208,
          "precision": 0.3521,
          "recall": 1.0,
          "accuracy": 0.724,
          "threshold": 510.8573,
          "weight_change": 0.063711,
          "trust_score": 1.0
        },
        "2": {
          "f1": 0.261,
          "precision": 0.1537,
          "recall": 0.8667,
          "accuracy": 0.264,
          "threshold": 1387.2432,
          "weight_change": 0.066675,
          "trust_score": 1.0
        },
        "3": {
          "f1": 0.3409,
          "precision": 0.2055,
          "recall": 1.0,
          "accuracy": 0.42,
          "threshold": 113.4689,
          "weight_change": 0.064684,
          "trust_score": 1.0
        },
        "4": {
          "f1": 0.5338,
          "precision": 0.3641,
          "recall": 1.0,
          "accuracy": 0.738,
          "threshold": 2464.512,
          "weight_change": 0.066086,
          "trust_score": 1.0
        }
      },
      "trust_scores": {
        "0": 0.39577836411609496,
        "1": 0.5208333333333334,
        "2": 0.26104417670682734,
        "3": 0.3409090909090909,
        "4": 0.5338078291814946
      },
      "epsilon": 1.0,
      "use_reputation": true,
      "poison_active": false
    },
    {
      "round": 2,
      "mean_global_f1": 0.4783,
      "node_metrics": {
        "0": {
          "f1": 0.6327,
          "precision": 0.5124,
          "recall": 0.8267,
          "accuracy": 0.856,
          "threshold": 2763.5445,
          "weight_change": 0.065046,
          "trust_score": 0.3958
        },
        "1": {
          "f1": 0.4486,
          "precision": 0.2927,
          "recall": 0.96,
          "accuracy": 0.646,
          "threshold": 789.3824,
          "weight_change": 0.065122,
          "trust_score": 0.5208
        },
        "2": {
          "f1": 0.2233,
          "precision": 0.1352,
          "recall": 0.64,
          "accuracy": 0.332,
          "threshold": 2756.6779,
          "weight_change": 0.065099,
          "trust_score": 0.261
        },
        "3": {
          "f1": 0.5156,
          "precision": 0.3646,
          "recall": 0.88,
          "accuracy": 0.752,
          "threshold": 675.4295,
          "weight_change": 0.065114,
          "trust_score": 0.3409
        },
        "4": {
          "f1": 0.5714,
          "precision": 0.5,
          "recall": 0.6667,
          "accuracy": 0.85,
          "threshold": 5372.714,
          "weight_change": 0.065095,
          "trust_score": 0.5338
        }
      },
      "trust_scores": {
        "0": 0.5142157126702924,
        "1": 0.4847157320872274,
        "2": 0.24214999533015785,
        "3": 0.4282670454545454,
        "4": 0.5526182003050331
      },
      "epsilon": 1.0,
      "use_reputation": true,
      "poison_active": false
    },
    {
      "round": 3,
      "mean_global_f1": 0.7496,
      "node_metrics": {
        "0": {
          "f1": 0.8075,
          "precision": 0.7558,
          "recall": 0.8667,
          "accuracy": 0.938,
          "threshold": 2683.4592,
          "weight_change": 0.062584,
          "trust_score": 0.5142
        },
        "1": {
          "f1": 0.9091,
          "precision": 0.8333,
          "recall": 1.0,
          "accuracy": 0.97,
          "threshold": 750.9881,
          "weight_change": 0.062573,
          "trust_score": 0.4847
        },
        "2": {
          "f1": 0.5149,
          "precision": 0.4094,
          "recall": 0.6933,
          "accuracy": 0.804,
          "threshold": 2614.0433,
          "weight_change": 0.062573,
          "trust_score": 0.2421
        },
        "3": {
          "f1": 0.7471,
          "precision": 0.6566,
          "recall": 0.8667,
          "accuracy": 0.912,
          "threshold": 928.9908,
          "weight_change": 0.06259,
          "trust_score": 0.4283
        },
        "4": {
          "f1": 0.7692,
          "precision": 0.6915,
          "recall": 0.8667,
          "accuracy": 0.922,
          "threshold": 5148.5849,
          "weight_change": 0.062575,
          "trust_score": 0.5526
        }
      },
      "trust_scores": {
        "0": 0.6119616138298843,
        "1": 0.6261741244217879,
        "2": 0.33305049193627684,
        "3": 0.5345535092302334,
        "4": 0.6248223899469451
      },
      "epsilon": 1.0,
      "use_reputation": true,
      "poison_active": false
    },
    {
      "round": 4,
      "mean_global_f1": 0.6283,
      "node_metrics": {
        "0": {
          "f1": 0.5421,
          "precision": 0.4173,
          "recall": 0.7733,
          "accuracy": 0.804,
          "threshold": 2887.6514,
          "weight_change": 0.057603,
          "trust_score": 0.612
        },
        "1": {
          "f1": 0.8848,
          "precision": 0.8111,
          "recall": 0.9733,
          "accuracy": 0.962,
          "threshold": 1397.6134,
          "weight_change": 0.057644,
          "trust_score": 0.6262
        },
        "2": {
          "f1": 0.3643,
          "precision": 0.2454,
          "recall": 0.7067,
          "accuracy": 0.63,
          "threshold": 2960.6024,
          "weight_change": 0.057606,
          "trust_score": 0.3331
        },
        "3": {
          "f1": 0.5876,
          "precision": 0.479,
          "recall": 0.76,
          "accuracy": 0.84,
          "threshold": 975.0617,
          "weight_change": 0.057606,
          "trust_score": 0.5346
        },
        "4": {
          "f1": 0.7626,
          "precision": 0.8281,
          "recall": 0.7067,
          "accuracy": 0.934,
          "threshold": 5124.953,
          "weight_change": 0.057616,
          "trust_score": 0.6248
        }
      },
      "trust_scores": {
        "0": 0.6607208507133043,
        "1": 0.7475125082601718,
        "2": 0.367456155828961,
        "3": 0.6167934342536636,
        "4": 0.7010830895722983
      },
      "epsilon": 1.0,
      "use_reputation": true,
      "poison_active": false
    },
    {
      "round": 5,
      "mean_global_f1": 0.7873,
      "node_metrics": {
        "0": {
          "f1": 0.9605,
          "precision": 0.9481,
          "recall": 0.9733,