{
  "run_id": "20260421_091537",
  "config": {
    "num_clients": 5,
    "num_rounds": 10,
    "epsilon": 0.5,
    "use_reputation": true,
    "poison_node_id": 1
  },
  "pre_federation": {
    "0": {
      "service": "Login",
      "local_f1": 0.9524,
      "global_f1": 0.4673
    },
    "1": {
      "service": "Payment",
      "local_f1": 0.9091,
      "global_f1": 0.6303
    },
    "2": {
      "service": "Search",
      "local_f1": 0.9524,
      "global_f1": 0.3713
    },
    "3": {
      "service": "Profile",
      "local_f1": 0.8824,
      "global_f1": 0.7246
    },
    "4": {
      "service": "Admin",
      "local_f1": 0.9836,
      "global_f1": 0.3488
    }
  },
  "post_federation": {
    "0": {
      "service": "Login",
      "local_f1": 1.0,
      "global_f1": 0.9801,
      "improvement": 0.5128
    },
    "1": {
      "service": "Payment",
      "local_f1": 1.0,
      "global_f1": 0.5769,
      "improvement": -0.0534
    },
    "2": {
      "service": "Search",
      "local_f1": 1.0,
      "global_f1": 0.855,
      "improvement": 0.4837
    },
    "3": {
      "service": "Profile",
      "local_f1": 0.9091,
      "global_f1": 0.7619,
      "improvement": 0.0373
    },
    "4": {
      "service": "Admin",
      "local_f1": 0.9091,
      "global_f1": 0.7644,
      "improvement": 0.4156
    }
  },
  "mean_improvement": 0.2792,
  "final_trust_scores": {
    "0": 0.8443034093696345,
    "1": 0.7588410453911861,
    "2": 0.74753851322501,
    "3": 0.8137968508459247,
    "4": 0.6951924359175058
  },
  "round_results": [
    {
      "round": 1,
      "mean_global_f1": 0.3932,
      "node_metrics": {
        "0": {
          "f1": 0.3778,
          "precision": 0.2329,
          "recall": 1.0,
          "accuracy": 0.506,
          "threshold": 18471.9613,
          "weight_change": 0.066854,
          "trust_score": 1.0
        },
        "1": {
          "f1": 0.5682,
          "precision": 0.3968,
          "recall": 1.0,
          "accuracy": 0.772,
          "threshold": 149537.6428,
          "weight_change": 0.060332,
          "trust_score": 1.0
        },
        "2": {
          "f1": 0.2231,
          "precision": 0.132,
          "recall": 0.72,
          "accuracy": 0.248,
          "threshold": 48886.4359,
          "weight_change": 0.065614,
          "trust_score": 1.0
        },
        "3": {
          "f1": 0.4123,
          "precision": 0.2606,
          "recall": 0.9867,
          "accuracy": 0.578,
          "threshold": 22021.7541,
          "weight_change": 0.063249,
          "trust_score": 1.0
        },
        "4": {
          "f1": 0.3846,
          "precision": 0.2381,
          "recall": 1.0,
          "accuracy": 0.52,
          "threshold": 4101.8671,
          "weight_change": 0.064716,
          "trust_score": 1.0
        }
      },
      "trust_scores": {
        "0": 0.3778337531486146,
        "1": 0.5681818181818182,
        "2": 0.2231404958677686,
        "3": 0.41225626740947074,
        "4": 0.38461538461538464
      },
      "epsilon": 0.5,
      "use_reputation": true,
      "poison_active": false
    },
    {
      "round": 2,
      "mean_global_f1": 0.3776,
      "node_metrics": {
        "0": {
          "f1": 0.3237,
          "precision": 0.2217,
          "recall": 0.6,
          "accuracy": 0.624,
          "threshold": 31890.3806,
          "weight_change": 0.065766,
          "trust_score": 0.3778
        },
        "1": {
          "f1": 0.6182,
          "precision": 0.9714,
          "recall": 0.4533,
          "accuracy": 0.916,
          "threshold": 154453.8712,
          "weight_change": 0.06571,
          "trust_score": 0.5682
        },
        "2": {
          "f1": 0.2417,
          "precision": 0.1562,
          "recall": 0.5333,
          "accuracy": 0.498,
          "threshold": 106902.7554,
          "weight_change": 0.065737,
          "trust_score": 0.2231
        },
        "3": {
          "f1": 0.4195,
          "precision": 0.3308,
          "recall": 0.5733,
          "accuracy": 0.762,
          "threshold": 47714.5357,
          "weight_change": 0.06574,
          "trust_score": 0.4123
        },
        "4": {
          "f1": 0.2849,
          "precision": 0.1812,
          "recall": 0.6667,
          "accuracy": 0.498,
          "threshold": 32667.856,
          "weight_change": 0.065764,
          "trust_score": 0.3846
        }
      },
      "trust_scores": {
        "0": 0.35078738017142963,
        "1": 0.5931818181818183,
        "2": 0.23241616938403536,
        "3": 0.41588423126571095,
        "4": 0.33475783475783477
      },
      "epsilon": 0.5,
      "use_reputation": true,
      "poison_active": false
    },
    {
      "round": 3,
      "mean_global_f1": 0.7253,
      "node_metrics": {
        "0": {
          "f1": 0.8876,
          "precision": 0.7979,
          "recall": 1.0,
          "accuracy": 0.962,
          "threshold": 43010.8772,
          "weight_change": 0.062801,
          "trust_score": 0.3508
        },
        "1": {
          "f1": 0.8,
          "precision": 0.775,
          "recall": 0.8267,
          "accuracy": 0.938,
          "threshold": 164141.24,
          "weight_change": 0.062799,
          "trust_score": 0.1
        },
        "2": {
          "f1": 0.6777,
          "precision": 0.8913,
          "recall": 0.5467,
          "accuracy": 0.922,
          "threshold": 90482.4994,
          "weight_change": 0.062809,
          "trust_score": 0.2324
        },
        "3": {
          "f1": 0.6667,
          "precision": 0.5648,
          "recall": 0.8133,
          "accuracy": 0.878,
          "threshold": 98315.9992,
          "weight_change": 0.062805,
          "trust_score": 0.4159
        },
        "4": {
          "f1": 0.5944,
          "precision": 0.4253,
          "recall": 0.9867,
          "accuracy": 0.798,
          "threshold": 54981.4527,
          "weight_change": 0.062807,
          "trust_score": 0.3348
        }
      },
      "trust_scores": {
        "0": 0.5297162416133002,
        "1": 0.6621212121212122,
        "2": 0.380839429727098,
        "3": 0.4994783763993628,
        "4": 0.42129772651861
      },
      "epsilon": 0.5,
      "use_reputation": true,
      "poison_active": true
    },
    {
      "round": 4,
      "mean_global_f1": 0.5898,
      "node_metrics": {
        "0": {
          "f1": 0.6767,
          "precision": 0.7759,
          "recall": 0.6,
          "accuracy": 0.914,
          "threshold": 47517.6555,
          "weight_change": 0.058344,
          "trust_score": 0.5297
        },
        "1": {
          "f1": 0.9286,
          "precision": 1.0,
          "recall": 0.8667,
          "accuracy": 0.98,
          "threshold": 139116.228,
          "weight_change": 0.058344,
          "trust_score": 0.6621
        },
        "2": {
          "f1": 0.3045,
          "precision": 0.2056,
          "recall": 0.5867,
          "accuracy": 0.598,
          "threshold": 87075.2981,
          "weight_change": 0.058345,
          "trust_score": 0.3808
        },
        "3": {
          "f1": 0.5778,
          "precision": 0.4952,
          "recall": 0.6933,
          "accuracy": 0.848,
          "threshold": 98057.2888,
          "weight_change": 0.058337,
          "trust_score": 0.4995
        },
        "4": {
          "f1": 0.4615,
          "precision": 0.8276,
          "recall": 0.32,
          "accuracy": 0.888,
          "threshold": 61038.3826,
          "weight_change": 0.058351,
          "trust_score": 0.4213
        }
      },
      "trust_scores": {
        "0": 0.6293355670048647,
        "1": 0.7822510822510823,
        "2": 0.407958687736573,
        "3": 0.5546522131887985,
        "4": 0.44693875215963574
      },
      "epsilon": 0.5,
      "use_reputation": true,
      "poison_active": true
    },
    {
      "round": 5,
      "mean_global_f1": 0.6823,
      "node_metrics": {
        "0": {
          "f1": 0.7426,
          "precision": 0.5906,