{
  "run_id": "20260420_120924",
  "config": {
    "num_clients": 5,
    "num_rounds": 10,
    "epsilon": 0.01,
    "use_reputation": true,
    "poison_node_id": null
  },
  "pre_federation": {
    "0": {
      "service": "Login",
      "local_f1": 0.9375,
      "global_f1": 0.6122
    },
    "1": {
      "service": "Payment",
      "local_f1": 0.9677,
      "global_f1": 0.53
    },
    "2": {
      "service": "Search",
      "local_f1": 0.9677,
      "global_f1": 0.3138
    },
    "3": {
      "service": "Profile",
      "local_f1": 0.9375,
      "global_f1": 0.5137
    },
    "4": {
      "service": "Admin",
      "local_f1": 0.9524,
      "global_f1": 0.431
    }
  },
  "post_federation": {
    "0": {
      "service": "Login",
      "local_f1": 1.0,
      "global_f1": 0.9796,
      "improvement": 0.3674
    },
    "1": {
      "service": "Payment",
      "local_f1": 1.0,
      "global_f1": 0.9589,
      "improvement": 0.4289
    },
    "2": {
      "service": "Search",
      "local_f1": 0.9831,
      "global_f1": 0.8889,
      "improvement": 0.5751
    },
    "3": {
      "service": "Profile",
      "local_f1": 0.9655,
      "global_f1": 0.9799,
      "improvement": 0.4662
    },
    "4": {
      "service": "Admin",
      "local_f1": 0.0,
      "global_f1": 0.8806,
      "improvement": 0.4496
    }
  },
  "mean_improvement": 0.45743999999999996,
  "final_trust_scores": {
    "0": 0.8475601163252495,
    "1": 0.896482635465966,
    "2": 0.6640513042434929,
    "3": 0.9278389095325575,
    "4": 0.8224707133497983
  },
  "round_results": [
    {
      "round": 1,
      "mean_global_f1": 0.4223,
      "node_metrics": {
        "0": {
          "f1": 0.4167,
          "precision": 0.2632,
          "recall": 1.0,
          "accuracy": 0.58,
          "threshold": 453059866441281.25,
          "weight_change": 0.055815,
          "trust_score": 1.0
        },
        "1": {
          "f1": 0.5214,
          "precision": 0.3681,
          "recall": 0.8933,
          "accuracy": 0.754,
          "threshold": 244834194339910.0,
          "weight_change": 0.056838,
          "trust_score": 1.0
        },
        "2": {
          "f1": 0.2158,
          "precision": 0.1278,
          "recall": 0.6933,
          "accuracy": 0.244,
          "threshold": 731707499197758.4,
          "weight_change": 0.055301,
          "trust_score": 1.0
        },
        "3": {
          "f1": 0.4201,
          "precision": 0.27,
          "recall": 0.9467,
          "accuracy": 0.608,
          "threshold": 450806247128390.44,
          "weight_change": 0.060449,
          "trust_score": 1.0
        },
        "4": {
          "f1": 0.5376,
          "precision": 0.3676,
          "recall": 1.0,
          "accuracy": 0.742,
          "threshold": 493254223880388.75,
          "weight_change": 0.057177,
          "trust_score": 1.0
        }
      },
      "trust_scores": {
        "0": 0.4166666666666667,
        "1": 0.5214007782101168,
        "2": 0.2157676348547718,
        "3": 0.42011834319526625,
        "4": 0.5376344086021505
      },
      "epsilon": 0.01,
      "use_reputation": true,
      "poison_active": false
    },
    {
      "round": 2,
      "mean_global_f1": 0.4487,
      "node_metrics": {
        "0": {
          "f1": 0.3982,
          "precision": 0.298,
          "recall": 0.6,
          "accuracy": 0.728,
          "threshold": 725036787674240.5,
          "weight_change": 0.066417,
          "trust_score": 0.4167
        },
        "1": {
          "f1": 0.6047,
          "precision": 0.7222,
          "recall": 0.52,
          "accuracy": 0.898,
          "threshold": 1182141662474774.5,
          "weight_change": 0.066417,
          "trust_score": 0.5214
        },
        "2": {
          "f1": 0.2234,
          "precision": 0.1379,
          "recall": 0.5867,
          "accuracy": 0.388,
          "threshold": 1486561295296055.5,
          "weight_change": 0.066417,
          "trust_score": 0.2158
        },
        "3": {
          "f1": 0.4632,
          "precision": 0.3826,
          "recall": 0.5867,
          "accuracy": 0.796,
          "threshold": 1447113670503467.8,
          "weight_change": 0.066417,
          "trust_score": 0.4201
        },
        "4": {
          "f1": 0.5541,
          "precision": 0.5616,
          "recall": 0.5467,
          "accuracy": 0.868,
          "threshold": 3387974106995928.5,
          "weight_change": 0.066417,
          "trust_score": 0.5376
        }
      },
      "trust_scores": {
        "0": 0.40744837758112096,
        "1": 0.5630259705004073,
        "2": 0.2195589443309392,
        "3": 0.4416381189660542,
        "4": 0.5458442313281022
      },
      "epsilon": 0.01,
      "use_reputation": true,
      "poison_active": false
    },
    {
      "round": 3,
      "mean_global_f1": 0.7611,
      "node_metrics": {
        "0": {
          "f1": 0.8944,
          "precision": 0.8372,
          "recall": 0.96,
          "accuracy": 0.966,
          "threshold": 786591105542003.8,
          "weight_change": 0.063962,
          "trust_score": 0.4074
        },
        "1": {
          "f1": 0.8841,
          "precision": 0.9683,
          "recall": 0.8133,
          "accuracy": 0.968,
          "threshold": 1254891147898564.0,
          "weight_change": 0.063962,
          "trust_score": 0.563
        },
        "2": {
          "f1": 0.5485,
          "precision": 0.4012,
          "recall": 0.8667,
          "accuracy": 0.786,
          "threshold": 2020508194588930.2,
          "weight_change": 0.063962,
          "trust_score": 0.2196
        },
        "3": {
          "f1": 0.7059,
          "precision": 0.6316,
          "recall": 0.8,
          "accuracy": 0.9,
          "threshold": 2036877997719314.5,
          "weight_change": 0.063962,
          "trust_score": 0.4416
        },
        "4": {
          "f1": 0.7727,
          "precision": 0.6733,
          "recall": 0.9067,
          "accuracy": 0.92,
          "threshold": 3266801155907693.5,
          "weight_change": 0.063962,
          "trust_score": 0.5458
        }
      },
      "trust_scores": {
        "0": 0.5697688976834803,
        "1": 0.6700366373384358,
        "2": 0.32921369847097776,
        "3": 0.529719530291095,
        "4": 0.6214719117944923
      },
      "epsilon": 0.01,
      "use_reputation": true,
      "poison_active": false
    },
    {
      "round": 4,
      "mean_global_f1": 0.5846,
      "node_metrics": {
        "0": {
          "f1": 0.6122,
          "precision": 0.4959,
          "recall": 0.8,
          "accuracy": 0.848,
          "threshold": 892654989577828.2,
          "weight_change": 0.059002,
          "trust_score": 0.5698
        },
        "1": {
          "f1": 0.7971,
          "precision": 0.873,
          "recall": 0.7333,
          "accuracy": 0.944,
          "threshold": 1536558351487962.0,
          "weight_change": 0.059002,
          "trust_score": 0.67
        },
        "2": {
          "f1": 0.2478,
          "precision": 0.1854,
          "recall": 0.3733,
          "accuracy": 0.66,
          "threshold": 1843091380698947.0,
          "weight_change": 0.059002,
          "trust_score": 0.3292
        },
        "3": {
          "f1": 0.5198,
          "precision": 0.451,
          "recall": 0.6133,
          "accuracy": 0.83,
          "threshold": 2023719007260426.5,
          "weight_change": 0.059002,
          "trust_score": 0.5297
        },
        "4": {
          "f1": 0.7463,
          "precision": 0.8475,
          "recall": 0.6667,
          "accuracy": 0.932,
          "threshold": 3357873681863225.0,
          "weight_change": 0.059002,
          "trust_score": 0.6215
        }
      },
      "trust_scores": {
        "0": 0.6349616414476525,
        "1": 0.761936861026851,
        "2": 0.3398870237258768,
        "3": 0.5629380863258179,
        "4": 0.6910166611659149
      },
      "epsilon": 0.01,
      "use_reputation": true,