{
  "run_id": "20260328_201723",
  "config": {
    "num_clients": 5,
    "num_rounds": 10,
    "epsilon": 1.0,
    "use_reputation": true,
    "poison_node_id": 2
  },
  "pre_federation": {
    "0": {
      "service": "Login",
      "local_f1": 0.9375,
      "global_f1": 0.6122
    },
    "1": {
      "service": "Payment",
      "local_f1": 0.9677,
      "global_f1": 0.53
    },
    "2": {
      "service": "Search",
      "local_f1": 0.9677,
      "global_f1": 0.3138
    },
    "3": {
      "service": "Profile",
      "local_f1": 0.9375,
      "global_f1": 0.5137
    },
    "4": {
      "service": "Admin",
      "local_f1": 0.9524,
      "global_f1": 0.431
    }
  },
  "post_federation": {
    "0": {
      "service": "Login",
      "local_f1": 1.0,
      "global_f1": 0.9664,
      "improvement": 0.3542
    },
    "1": {
      "service": "Payment",
      "local_f1": 1.0,
      "global_f1": 0.9655,
      "improvement": 0.4355
    },
    "2": {
      "service": "Search",
      "local_f1": 0.9831,
      "global_f1": 0.8889,
      "improvement": 0.5751
    },
    "3": {
      "service": "Profile",
      "local_f1": 1.0,
      "global_f1": 0.9664,
      "improvement": 0.4527
    },
    "4": {
      "service": "Admin",
      "local_f1": 0.0,
      "global_f1": 0.8971,
      "improvement": 0.4661
    }
  },
  "mean_improvement": 0.45671999999999996,
  "final_trust_scores": {
    "0": 0.8501344321580495,
    "1": 0.923316340405029,
    "2": 0.6791245791245791,
    "3": 0.9358896122978281,
    "4": 0.8371155020288633
  },
  "round_results": [
    {
      "round": 1,
      "mean_global_f1": 0.4023,
      "node_metrics": {
        "0": {
          "f1": 0.4076,
          "precision": 0.256,
          "recall": 1.0,
          "accuracy": 0.564,
          "threshold": 440.3239,
          "weight_change": 0.055061,
          "trust_score": 1.0
        },
        "1": {
          "f1": 0.5166,
          "precision": 0.3571,
          "recall": 0.9333,
          "accuracy": 0.738,
          "threshold": 242.8413,
          "weight_change": 0.055988,
          "trust_score": 1.0
        },
        "2": {
          "f1": 0.1971,
          "precision": 0.1169,
          "recall": 0.6267,
          "accuracy": 0.234,
          "threshold": 888.7376,
          "weight_change": 0.054216,
          "trust_score": 1.0
        },
        "3": {
          "f1": 0.4034,
          "precision": 0.2563,
          "recall": 0.9467,
          "accuracy": 0.58,
          "threshold": 552.819,
          "weight_change": 0.059478,
          "trust_score": 1.0
        },
        "4": {
          "f1": 0.487,
          "precision": 0.3219,
          "recall": 1.0,
          "accuracy": 0.684,
          "threshold": 460.4777,
          "weight_change": 0.056094,
          "trust_score": 1.0
        }
      },
      "trust_scores": {
        "0": 0.4076086956521739,
        "1": 0.5166051660516605,
        "2": 0.1970649895178197,
        "3": 0.4034090909090909,
        "4": 0.487012987012987
      },
      "epsilon": 1.0,
      "use_reputation": true,
      "poison_active": false
    },
    {
      "round": 2,
      "mean_global_f1": 0.587,
      "node_metrics": {
        "0": {
          "f1": 0.5141,
          "precision": 0.3678,
          "recall": 0.8533,
          "accuracy": 0.758,
          "threshold": 758.3939,
          "weight_change": 0.065185,
          "trust_score": 0.4076
        },
        "1": {
          "f1": 0.8503,
          "precision": 0.7717,
          "recall": 0.9467,
          "accuracy": 0.95,
          "threshold": 1032.9194,
          "weight_change": 0.065114,
          "trust_score": 0.5166
        },
        "2": {
          "f1": 0.2738,
          "precision": 0.1677,
          "recall": 0.7467,
          "accuracy": 0.406,
          "threshold": 1604.2931,
          "weight_change": 0.065175,
          "trust_score": 0.1971
        },
        "3": {
          "f1": 0.622,
          "precision": 0.4851,
          "recall": 0.8667,
          "accuracy": 0.842,
          "threshold": 1432.8649,
          "weight_change": 0.065164,
          "trust_score": 0.4034
        },
        "4": {
          "f1": 0.675,
          "precision": 0.6353,
          "recall": 0.72,
          "accuracy": 0.896,
          "threshold": 3095.6045,
          "weight_change": 0.065155,
          "trust_score": 0.487
        }
      },
      "trust_scores": {
        "0": 0.4608324602758861,
        "1": 0.6834522836246326,
        "2": 0.23545181016233283,
        "3": 0.5127093301435407,
        "4": 0.5810064935064936
      },
      "epsilon": 1.0,
      "use_reputation": true,
      "poison_active": false
    },
    {
      "round": 3,
      "mean_global_f1": 0.7766,
      "node_metrics": {
        "0": {
          "f1": 0.9427,
          "precision": 0.9024,
          "recall": 0.9867,
          "accuracy": 0.982,
          "threshold": 808.9103,
          "weight_change": 0.061973,
          "trust_score": 0.4608
        },
        "1": {
          "f1": 0.922,
          "precision": 0.9848,
          "recall": 0.8667,
          "accuracy": 0.978,
          "threshold": 1162.176,
          "weight_change": 0.061982,
          "trust_score": 0.6835
        },
        "2": {
          "f1": 0.5328,
          "precision": 0.3846,
          "recall": 0.8667,
          "accuracy": 0.772,
          "threshold": 1942.8438,
          "weight_change": 0.061981,
          "trust_score": 0.1
        },
        "3": {
          "f1": 0.7273,
          "precision": 0.6667,
          "recall": 0.8,
          "accuracy": 0.91,
          "threshold": 2009.923,
          "weight_change": 0.06197,
          "trust_score": 0.5127
        },
        "4": {
          "f1": 0.7582,
          "precision": 0.6449,
          "recall": 0.92,
          "accuracy": 0.912,
          "threshold": 3070.7712,
          "weight_change": 0.061968,
          "trust_score": 0.581
        }
      },
      "trust_scores": {
        "0": 0.6214466932624804,
        "1": 0.7629634609507008,
        "2": 0.3345635018568558,
        "3": 0.5842304625199363,
        "4": 0.6400849150849152
      },
      "epsilon": 1.0,
      "use_reputation": true,
      "poison_active": true
    },
    {
      "round": 4,
      "mean_global_f1": 0.6334,
      "node_metrics": {
        "0": {
          "f1": 0.6218,
          "precision": 0.5085,
          "recall": 0.8,
          "accuracy": 0.854,
          "threshold": 982.3202,
          "weight_change": 0.057655,
          "trust_score": 0.6214
        },
        "1": {
          "f1": 0.8875,
          "precision": 0.8353,
          "recall": 0.9467,
          "accuracy": 0.964,
          "threshold": 1391.6593,
          "weight_change": 0.05765,
          "trust_score": 0.763
        },
        "2": {
          "f1": 0.3944,
          "precision": 0.3043,
          "recall": 0.56,
          "accuracy": 0.742,
          "threshold": 1723.0831,
          "weight_change": 0.057657,
          "trust_score": 0.3346
        },
        "3": {
          "f1": 0.5263,
          "precision": 0.4688,
          "recall": 0.6,
          "accuracy": 0.838,
          "threshold": 1975.103,
          "weight_change": 0.057651,
          "trust_score": 0.5842
        },
        "4": {
          "f1": 0.7368,
          "precision": 0.8448,
          "recall": 0.6533,
          "accuracy": 0.93,
          "threshold": 3221.0103,
          "weight_change": 0.057638,
          "trust_score": 0.6401
        }
      },
      "trust_scores": {
        "0": 0.6928310140554518,
        "1": 0.886595072266814,
        "2": 0.40033057107861536,
        "3": 0.6251993620414673,
        "4": 0.723361287834972
      },
      "epsilon": 1.0,
      "use_reputation": true,
      "poison_active": true
    },
    {
      "round": 5,
      "mean_global_f1": 0.87,
      "node_metrics": {
        "0": {
          "f1": 0.9677,
          "precision": 0.9375,
          "recall": 1.0,