{
  "run_id": "20260425_093507",
  "config": {
    "num_clients": 5,
    "num_rounds": 10,
    "epsilon": 1.0,
    "use_reputation": true,
    "poison_node_id": null
  },
  "pre_federation": {
    "0": {
      "service": "Login",
      "local_f1": 0.9677,
      "global_f1": 0.6073
    },
    "1": {
      "service": "Payment",
      "local_f1": 0.9836,
      "global_f1": 0.4286
    },
    "2": {
      "service": "Search",
      "local_f1": 0.9677,
      "global_f1": 0.3254
    },
    "3": {
      "service": "Profile",
      "local_f1": 0.9524,
      "global_f1": 0.5747
    },
    "4": {
      "service": "Admin",
      "local_f1": 0.9836,
      "global_f1": 0.4132
    }
  },
  "post_federation": {
    "0": {
      "service": "Login",
      "local_f1": 0.9524,
      "global_f1": 0.908,
      "improvement": 0.3007
    },
    "1": {
      "service": "Payment",
      "local_f1": 1.0,
      "global_f1": 0.9487,
      "improvement": 0.5201
    },
    "2": {
      "service": "Search",
      "local_f1": 1.0,
      "global_f1": 0.8841,
      "improvement": 0.5587
    },
    "3": {
      "service": "Profile",
      "local_f1": 0.9474,
      "global_f1": 0.6917,
      "improvement": 0.117
    },
    "4": {
      "service": "Admin",
      "local_f1": 0.8679,
      "global_f1": 0.791,
      "improvement": 0.3778
    }
  },
  "mean_improvement": 0.37485999999999997,
  "final_trust_scores": {
    "0": 0.8855413695904494,
    "1": 0.8375450509317787,
    "2": 0.6468365279725729,
    "3": 0.7347725390735844,
    "4": 0.8321962535661646
  },
  "round_results": [
    {
      "round": 1,
      "mean_global_f1": 0.4202,
      "node_metrics": {
        "0": {
          "f1": 0.4011,
          "precision": 0.2517,
          "recall": 0.9867,
          "accuracy": 0.558,
          "threshold": 2136.3055,
          "weight_change": 0.060195,
          "trust_score": 1.0
        },
        "1": {
          "f1": 0.4886,
          "precision": 0.3233,
          "recall": 1.0,
          "accuracy": 0.686,
          "threshold": 410.6037,
          "weight_change": 0.064822,
          "trust_score": 1.0
        },
        "2": {
          "f1": 0.2658,
          "precision": 0.157,
          "recall": 0.8667,
          "accuracy": 0.282,
          "threshold": 702.907,
          "weight_change": 0.064701,
          "trust_score": 1.0
        },
        "3": {
          "f1": 0.4839,
          "precision": 0.3191,
          "recall": 1.0,
          "accuracy": 0.68,
          "threshold": 2140.2961,
          "weight_change": 0.064906,
          "trust_score": 1.0
        },
        "4": {
          "f1": 0.4615,
          "precision": 0.308,
          "recall": 0.92,
          "accuracy": 0.678,
          "threshold": 1496.4195,
          "weight_change": 0.06571,
          "trust_score": 1.0
        }
      },
      "trust_scores": {
        "0": 0.4010840108401084,
        "1": 0.48859934853420195,
        "2": 0.2658486707566462,
        "3": 0.4838709677419355,
        "4": 0.46153846153846156
      },
      "epsilon": 1.0,
      "use_reputation": true,
      "poison_active": false
    },
    {
      "round": 2,
      "mean_global_f1": 0.4441,
      "node_metrics": {
        "0": {
          "f1": 0.5021,
          "precision": 0.3659,
          "recall": 0.8,
          "accuracy": 0.762,
          "threshold": 2959.3314,
          "weight_change": 0.065171,
          "trust_score": 0.4011
        },
        "1": {
          "f1": 0.6207,
          "precision": 0.4586,
          "recall": 0.96,
          "accuracy": 0.824,
          "threshold": 1207.1753,
          "weight_change": 0.065101,
          "trust_score": 0.4886
        },
        "2": {
          "f1": 0.2256,
          "precision": 0.1389,
          "recall": 0.6,
          "accuracy": 0.382,
          "threshold": 3675.6761,
          "weight_change": 0.065172,
          "trust_score": 0.2658
        },
        "3": {
          "f1": 0.4073,
          "precision": 0.28,
          "recall": 0.7467,
          "accuracy": 0.674,
          "threshold": 2802.0857,
          "weight_change": 0.065005,
          "trust_score": 0.4839
        },
        "4": {
          "f1": 0.4651,
          "precision": 0.3571,
          "recall": 0.6667,
          "accuracy": 0.77,
          "threshold": 3442.3451,
          "weight_change": 0.065159,
          "trust_score": 0.4615
        }
      },
      "trust_scores": {
        "0": 0.4515880305246567,
        "1": 0.5546445018533079,
        "2": 0.24570629026554114,
        "3": 0.44557184750733136,
        "4": 0.4633273703041145
      },
      "epsilon": 1.0,
      "use_reputation": true,
      "poison_active": false
    },
    {
      "round": 3,
      "mean_global_f1": 0.7509,
      "node_metrics": {
        "0": {
          "f1": 0.8633,
          "precision": 0.9375,
          "recall": 0.8,
          "accuracy": 0.962,
          "threshold": 2756.3887,
          "weight_change": 0.062576,
          "trust_score": 0.4516
        },
        "1": {
          "f1": 0.8242,
          "precision": 0.7556,
          "recall": 0.9067,
          "accuracy": 0.942,
          "threshold": 1722.5611,
          "weight_change": 0.06259,
          "trust_score": 0.5546
        },
        "2": {
          "f1": 0.4845,
          "precision": 0.395,
          "recall": 0.6267,
          "accuracy": 0.8,
          "threshold": 3266.6075,
          "weight_change": 0.06262,
          "trust_score": 0.2457
        },
        "3": {
          "f1": 0.9125,
          "precision": 0.8588,
          "recall": 0.9733,
          "accuracy": 0.972,
          "threshold": 2617.6926,
          "weight_change": 0.062568,
          "trust_score": 0.4456
        },
        "4": {
          "f1": 0.6702,
          "precision": 0.5517,
          "recall": 0.8533,
          "accuracy": 0.874,
          "threshold": 3580.4863,
          "weight_change": 0.062573,
          "trust_score": 0.4633
        }
      },
      "trust_scores": {
        "0": 0.5888284711890996,
        "1": 0.6445104759830134,
        "2": 0.3253162210017697,
        "3": 0.6012145650048876,
        "4": 0.5322706028903521
      },
      "epsilon": 1.0,
      "use_reputation": true,
      "poison_active": false
    },
    {
      "round": 4,
      "mean_global_f1": 0.6797,
      "node_metrics": {
        "0": {
          "f1": 0.6042,
          "precision": 0.4957,
          "recall": 0.7733,
          "accuracy": 0.848,
          "threshold": 2446.8671,
          "weight_change": 0.057617,
          "trust_score": 0.5888
        },
        "1": {
          "f1": 0.9342,
          "precision": 0.9221,
          "recall": 0.9467,
          "accuracy": 0.98,
          "threshold": 1958.0452,
          "weight_change": 0.057605,
          "trust_score": 0.6445
        },
        "2": {
          "f1": 0.4831,
          "precision": 0.3788,
          "recall": 0.6667,
          "accuracy": 0.786,
          "threshold": 3094.6064,
          "weight_change": 0.05761,
          "trust_score": 0.3253
        },
        "3": {
          "f1": 0.5742,
          "precision": 0.4478,
          "recall": 0.8,
          "accuracy": 0.822,
          "threshold": 3421.6105,
          "weight_change": 0.057602,
          "trust_score": 0.6012
        },
        "4": {
          "f1": 0.803,
          "precision": 0.9298,
          "recall": 0.7067,
          "accuracy": 0.948,
          "threshold": 3362.2196,
          "weight_change": 0.057615,
          "trust_score": 0.5323
        }
      },
      "trust_scores": {
        "0": 0.6565226897979524,
        "1": 0.7930475352435424,
        "2": 0.39773059322942544,
        "3": 0.6313118022328549,
        "4": 0.6461012167209659
      },
      "epsilon": 1.0,
      "use_reputation": true,
      "poison_active": false
    },
    {
      "round": 5,
      "mean_global_f1": 0.8358,
      "node_metrics": {
        "0": {
          "f1": 0.7109,
          "precision": 0.5515,