{
  "run_id": "20260420_221946",
  "config": {
    "num_clients": 5,
    "num_rounds": 10,
    "epsilon": 1.0,
    "use_reputation": true,
    "poison_node_id": 0
  },
  "pre_federation": {
    "0": {
      "service": "Login",
      "local_f1": 0.9677,
      "global_f1": 0.5137
    },
    "1": {
      "service": "Payment",
      "local_f1": 0.9524,
      "global_f1": 0.4505
    },
    "2": {
      "service": "Search",
      "local_f1": 0.9836,
      "global_f1": 0.463
    },
    "3": {
      "service": "Profile",
      "local_f1": 0.9375,
      "global_f1": 0.5051
    },
    "4": {
      "service": "Admin",
      "local_f1": 0.9231,
      "global_f1": 0.3704
    }
  },
  "post_federation": {
    "0": {
      "service": "Login",
      "local_f1": 1.0,
      "global_f1": 0.973,
      "improvement": 0.4593
    },
    "1": {
      "service": "Payment",
      "local_f1": 0.9836,
      "global_f1": 0.699,
      "improvement": 0.2485
    },
    "2": {
      "service": "Search",
      "local_f1": 0.9091,
      "global_f1": 0.8824,
      "improvement": 0.4194
    },
    "3": {
      "service": "Profile",
      "local_f1": 1.0,
      "global_f1": 0.766,
      "improvement": 0.2609
    },
    "4": {
      "service": "Admin",
      "local_f1": 0.8462,
      "global_f1": 0.7419,
      "improvement": 0.3715
    }
  },
  "mean_improvement": 0.35192,
  "final_trust_scores": {
    "0": 0.945564602388885,
    "1": 0.8457617012366919,
    "2": 0.7275483197821634,
    "3": 0.7534876471046683,
    "4": 0.7757177849343749
  },
  "round_results": [
    {
      "round": 1,
      "mean_global_f1": 0.4064,
      "node_metrics": {
        "0": {
          "f1": 0.4189,
          "precision": 0.2689,
          "recall": 0.9467,
          "accuracy": 0.606,
          "threshold": 2217.0458,
          "weight_change": 0.060345,
          "trust_score": 1.0
        },
        "1": {
          "f1": 0.6615,
          "precision": 0.7818,
          "recall": 0.5733,
          "accuracy": 0.912,
          "threshold": 1973.3597,
          "weight_change": 0.065692,
          "trust_score": 1.0
        },
        "2": {
          "f1": 0.1871,
          "precision": 0.1108,
          "recall": 0.6,
          "accuracy": 0.218,
          "threshold": 2882.638,
          "weight_change": 0.063596,
          "trust_score": 1.0
        },
        "3": {
          "f1": 0.4537,
          "precision": 0.2983,
          "recall": 0.9467,
          "accuracy": 0.658,
          "threshold": 786.6594,
          "weight_change": 0.066172,
          "trust_score": 1.0
        },
        "4": {
          "f1": 0.3106,
          "precision": 0.1838,
          "recall": 1.0,
          "accuracy": 0.334,
          "threshold": 37.4185,
          "weight_change": 0.063631,
          "trust_score": 1.0
        }
      },
      "trust_scores": {
        "0": 0.41887905604719766,
        "1": 0.6615384615384615,
        "2": 0.18711018711018712,
        "3": 0.4536741214057508,
        "4": 0.3105590062111801
      },
      "epsilon": 1.0,
      "use_reputation": true,
      "poison_active": false
    },
    {
      "round": 2,
      "mean_global_f1": 0.5583,
      "node_metrics": {
        "0": {
          "f1": 0.7273,
          "precision": 0.6667,
          "recall": 0.8,
          "accuracy": 0.91,
          "threshold": 5442.3443,
          "weight_change": 0.065067,
          "trust_score": 0.4189
        },
        "1": {
          "f1": 0.7805,
          "precision": 1.0,
          "recall": 0.64,
          "accuracy": 0.946,
          "threshold": 1645.3675,
          "weight_change": 0.065057,
          "trust_score": 0.6615
        },
        "2": {
          "f1": 0.2464,
          "precision": 0.1569,
          "recall": 0.5733,
          "accuracy": 0.474,
          "threshold": 3120.4379,
          "weight_change": 0.065116,
          "trust_score": 0.1871
        },
        "3": {
          "f1": 0.6519,
          "precision": 0.5566,
          "recall": 0.7867,
          "accuracy": 0.874,
          "threshold": 1878.438,
          "weight_change": 0.065108,
          "trust_score": 0.4537
        },
        "4": {
          "f1": 0.3852,
          "precision": 0.2401,
          "recall": 0.9733,
          "accuracy": 0.534,
          "threshold": 141.1625,
          "weight_change": 0.065075,
          "trust_score": 0.3106
        }
      },
      "trust_scores": {
        "0": 0.5730758916599625,
        "1": 0.7210131332082552,
        "2": 0.21676426260953482,
        "3": 0.5528039115316047,
        "4": 0.3478916403087563
      },
      "epsilon": 1.0,
      "use_reputation": true,
      "poison_active": false
    },
    {
      "round": 3,
      "mean_global_f1": 0.7243,
      "node_metrics": {
        "0": {
          "f1": 0.8138,
          "precision": 0.8429,
          "recall": 0.7867,
          "accuracy": 0.946,
          "threshold": 4774.1527,
          "weight_change": 0.061843,
          "trust_score": 0.1
        },
        "1": {
          "f1": 0.7752,
          "precision": 0.9259,
          "recall": 0.6667,
          "accuracy": 0.942,
          "threshold": 1344.9777,
          "weight_change": 0.061844,
          "trust_score": 0.721
        },
        "2": {
          "f1": 0.705,
          "precision": 0.7656,
          "recall": 0.6533,
          "accuracy": 0.918,
          "threshold": 2768.2668,
          "weight_change": 0.061848,
          "trust_score": 0.2168
        },
        "3": {
          "f1": 0.6812,
          "precision": 0.746,
          "recall": 0.6267,
          "accuracy": 0.912,
          "threshold": 1686.3533,
          "weight_change": 0.061837,
          "trust_score": 0.5528
        },
        "4": {
          "f1": 0.6463,
          "precision": 0.4805,
          "recall": 0.9867,
          "accuracy": 0.838,
          "threshold": 198.7819,
          "weight_change": 0.06182,
          "trust_score": 0.3479
        }
      },
      "trust_scores": {
        "0": 0.6533149622560669,
        "1": 0.7390733549553743,
        "2": 0.37952149881403036,
        "3": 0.5955890811176882,
        "4": 0.4473571634081665
      },
      "epsilon": 1.0,
      "use_reputation": true,
      "poison_active": true
    },
    {
      "round": 4,
      "mean_global_f1": 0.6403,
      "node_metrics": {
        "0": {
          "f1": 0.5498,
          "precision": 0.4265,
          "recall": 0.7733,
          "accuracy": 0.81,
          "threshold": 5086.9172,
          "weight_change": 0.057637,
          "trust_score": 0.6533
        },
        "1": {
          "f1": 0.951,
          "precision": 1.0,
          "recall": 0.9067,
          "accuracy": 0.986,
          "threshold": 1124.9514,
          "weight_change": 0.05768,
          "trust_score": 0.7391
        },
        "2": {
          "f1": 0.2711,
          "precision": 0.1677,
          "recall": 0.7067,
          "accuracy": 0.43,
          "threshold": 2667.3891,
          "weight_change": 0.057658,
          "trust_score": 0.3795
        },
        "3": {
          "f1": 0.5591,
          "precision": 0.4685,
          "recall": 0.6933,
          "accuracy": 0.836,
          "threshold": 1740.1953,
          "weight_change": 0.057637,
          "trust_score": 0.5956
        },
        "4": {
          "f1": 0.8706,
          "precision": 0.7789,
          "recall": 0.9867,
          "accuracy": 0.956,
          "threshold": 317.3573,
          "weight_change": 0.057687,
          "trust_score": 0.4474
        }
      },
      "trust_scores": {
        "0": 0.6969429546321195,
        "1": 0.8355768514588707,
        "2": 0.4075180178591428,
        "3": 0.6307443022978501,
        "4": 0.634033573102479
      },
      "epsilon": 1.0,
      "use_reputation": true,
      "poison_active": true
    },
    {
      "round": 5,
      "mean_global_f1": 0.8369,
      "node_metrics": {
        "0": {
          "f1": 0.9726,
          "precision": 1.0,
          "recall": 0.9467,