{
  "run_id": "20260420_221958",
  "config": {
    "num_clients": 5,
    "num_rounds": 10,
    "epsilon": 1.0,
    "use_reputation": true,
    "poison_node_id": 0
  },
  "pre_federation": {
    "0": {
      "service": "Login",
      "local_f1": 0.9524,
      "global_f1": 0.6024
    },
    "1": {
      "service": "Payment",
      "local_f1": 0.9231,
      "global_f1": 0.5435
    },
    "2": {
      "service": "Search",
      "local_f1": 0.9836,
      "global_f1": 0.3067
    },
    "3": {
      "service": "Profile",
      "local_f1": 0.9375,
      "global_f1": 0.5495
    },
    "4": {
      "service": "Admin",
      "local_f1": 0.9677,
      "global_f1": 0.4717
    }
  },
  "post_federation": {
    "0": {
      "service": "Login",
      "local_f1": 1.0,
      "global_f1": 0.9419,
      "improvement": 0.3395
    },
    "1": {
      "service": "Payment",
      "local_f1": 1.0,
      "global_f1": 0.625,
      "improvement": 0.0815
    },
    "2": {
      "service": "Search",
      "local_f1": 0.0,
      "global_f1": 0.5714,
      "improvement": 0.2647
    },
    "3": {
      "service": "Profile",
      "local_f1": 1.0,
      "global_f1": 0.8971,
      "improvement": 0.3476
    },
    "4": {
      "service": "Admin",
      "local_f1": 0.8679,
      "global_f1": 0.7016,
      "improvement": 0.2299
    }
  },
  "mean_improvement": 0.25264000000000003,
  "final_trust_scores": {
    "0": 0.8489401804474107,
    "1": 0.7436030428769018,
    "2": 0.527965305443376,
    "3": 0.8396202215031116,
    "4": 0.7983888167703328
  },
  "round_results": [
    {
      "round": 1,
      "mean_global_f1": 0.4098,
      "node_metrics": {
        "0": {
          "f1": 0.3866,
          "precision": 0.2396,
          "recall": 1.0,
          "accuracy": 0.524,
          "threshold": 583.2133,
          "weight_change": 0.059193,
          "trust_score": 1.0
        },
        "1": {
          "f1": 0.465,
          "precision": 0.3054,
          "recall": 0.9733,
          "accuracy": 0.664,
          "threshold": 1607.5333,
          "weight_change": 0.06489,
          "trust_score": 1.0
        },
        "2": {
          "f1": 0.265,
          "precision": 0.1569,
          "recall": 0.8533,
          "accuracy": 0.29,
          "threshold": 354.6777,
          "weight_change": 0.065359,
          "trust_score": 1.0
        },
        "3": {
          "f1": 0.409,
          "precision": 0.2589,
          "recall": 0.9733,
          "accuracy": 0.578,
          "threshold": 1914.8872,
          "weight_change": 0.067605,
          "trust_score": 1.0
        },
        "4": {
          "f1": 0.5234,
          "precision": 0.3702,
          "recall": 0.8933,
          "accuracy": 0.756,
          "threshold": 1349.0883,
          "weight_change": 0.068162,
          "trust_score": 1.0
        }
      },
      "trust_scores": {
        "0": 0.3865979381443299,
        "1": 0.46496815286624205,
        "2": 0.2650103519668737,
        "3": 0.40896358543417366,
        "4": 0.5234375
      },
      "epsilon": 1.0,
      "use_reputation": true,
      "poison_active": false
    },
    {
      "round": 2,
      "mean_global_f1": 0.6135,
      "node_metrics": {
        "0": {
          "f1": 0.4332,
          "precision": 0.297,
          "recall": 0.8,
          "accuracy": 0.686,
          "threshold": 1352.8191,
          "weight_change": 0.065146,
          "trust_score": 0.3866
        },
        "1": {
          "f1": 0.6078,
          "precision": 0.4806,
          "recall": 0.8267,
          "accuracy": 0.84,
          "threshold": 1903.2443,
          "weight_change": 0.065128,
          "trust_score": 0.465
        },
        "2": {
          "f1": 0.7568,
          "precision": 0.7671,
          "recall": 0.7467,
          "accuracy": 0.928,
          "threshold": 639.5261,
          "weight_change": 0.065182,
          "trust_score": 0.265
        },
        "3": {
          "f1": 0.6517,
          "precision": 0.5631,
          "recall": 0.7733,
          "accuracy": 0.876,
          "threshold": 3270.0049,
          "weight_change": 0.065175,
          "trust_score": 0.409
        },
        "4": {
          "f1": 0.618,
          "precision": 0.534,
          "recall": 0.7333,
          "accuracy": 0.864,
          "threshold": 2310.5626,
          "weight_change": 0.065176,
          "trust_score": 0.5234
        }
      },
      "trust_scores": {
        "0": 0.4099054672671108,
        "1": 0.536405645060572,
        "2": 0.5108835543618153,
        "3": 0.5303244893463004,
        "4": 0.5707075140449438
      },
      "epsilon": 1.0,
      "use_reputation": true,
      "poison_active": false
    },
    {
      "round": 3,
      "mean_global_f1": 0.7357,
      "node_metrics": {
        "0": {
          "f1": 0.9241,
          "precision": 0.8795,
          "recall": 0.9733,
          "accuracy": 0.976,
          "threshold": 1351.7692,
          "weight_change": 0.061945,
          "trust_score": 0.1
        },
        "1": {
          "f1": 0.8072,
          "precision": 0.7363,
          "recall": 0.8933,
          "accuracy": 0.936,
          "threshold": 2229.7066,
          "weight_change": 0.061926,
          "trust_score": 0.5364
        },
        "2": {
          "f1": 0.3922,
          "precision": 0.2597,
          "recall": 0.8,
          "accuracy": 0.628,
          "threshold": 678.4926,
          "weight_change": 0.061949,
          "trust_score": 0.5109
        },
        "3": {
          "f1": 0.9051,
          "precision": 1.0,
          "recall": 0.8267,
          "accuracy": 0.974,
          "threshold": 2711.892,
          "weight_change": 0.061945,
          "trust_score": 0.5303
        },
        "4": {
          "f1": 0.6497,
          "precision": 0.5246,
          "recall": 0.8533,
          "accuracy": 0.862,
          "threshold": 2453.0218,
          "weight_change": 0.061935,
          "trust_score": 0.5707
        }
      },
      "trust_scores": {
        "0": 0.5812871891485379,
        "1": 0.6266800685945982,
        "2": 0.4713079904895762,
        "3": 0.6552528225812319,
        "4": 0.5970537403277628
      },
      "epsilon": 1.0,
      "use_reputation": true,
      "poison_active": true
    },
    {
      "round": 4,
      "mean_global_f1": 0.6931,
      "node_metrics": {
        "0": {
          "f1": 0.6061,
          "precision": 0.4878,
          "recall": 0.8,
          "accuracy": 0.844,
          "threshold": 1840.0999,
          "weight_change": 0.057657,
          "trust_score": 0.5813
        },
        "1": {
          "f1": 0.9452,
          "precision": 0.9718,
          "recall": 0.92,
          "accuracy": 0.984,
          "threshold": 2218.6842,
          "weight_change": 0.057653,
          "trust_score": 0.6267
        },
        "2": {
          "f1": 0.4478,
          "precision": 0.3109,
          "recall": 0.8,
          "accuracy": 0.704,
          "threshold": 931.8421,
          "weight_change": 0.057645,
          "trust_score": 0.4713
        },
        "3": {
          "f1": 0.6982,
          "precision": 0.6277,
          "recall": 0.7867,
          "accuracy": 0.898,
          "threshold": 2662.7628,
          "weight_change": 0.057649,
          "trust_score": 0.6553
        },
        "4": {
          "f1": 0.768,
          "precision": 0.96,
          "recall": 0.64,
          "accuracy": 0.942,
          "threshold": 2187.2734,
          "weight_change": 0.057656,
          "trust_score": 0.5971
        }
      },
      "trust_scores": {
        "0": 0.6544414117872966,
        "1": 0.7867591774565357,
        "2": 0.5322249378439018,
        "3": 0.7516732447935093,
        "4": 0.6785745736610962
      },
      "epsilon": 1.0,
      "use_reputation": true,
      "poison_active": true
    },
    {
      "round": 5,
      "mean_global_f1": 0.854,
      "node_metrics": {
        "0": {
          "f1": 0.8523,
          "precision": 0.7426,
          "recall": 1.0,