{
  "run_id": "20260421_085150",
  "config": {
    "num_clients": 5,
    "num_rounds": 10,
    "epsilon": 1.0,
    "use_reputation": true,
    "poison_node_id": 3
  },
  "pre_federation": {
    "0": {
      "service": "Login",
      "local_f1": 1.0,
      "global_f1": 0.5245
    },
    "1": {
      "service": "Payment",
      "local_f1": 0.9836,
      "global_f1": 0.4658
    },
    "2": {
      "service": "Search",
      "local_f1": 1.0,
      "global_f1": 0.3061
    },
    "3": {
      "service": "Profile",
      "local_f1": 0.9677,
      "global_f1": 0.5396
    },
    "4": {
      "service": "Admin",
      "local_f1": 0.9524,
      "global_f1": 0.4121
    }
  },
  "post_federation": {
    "0": {
      "service": "Login",
      "local_f1": 1.0,
      "global_f1": 0.8235,
      "improvement": 0.299
    },
    "1": {
      "service": "Payment",
      "local_f1": 1.0,
      "global_f1": 0.6148,
      "improvement": 0.149
    },
    "2": {
      "service": "Search",
      "local_f1": 1.0,
      "global_f1": 0.8889,
      "improvement": 0.5828
    },
    "3": {
      "service": "Profile",
      "local_f1": 0.9474,
      "global_f1": 0.9351,
      "improvement": 0.3955
    },
    "4": {
      "service": "Admin",
      "local_f1": 0.7143,
      "global_f1": 0.7432,
      "improvement": 0.3311
    }
  },
  "mean_improvement": 0.35147999999999996,
  "final_trust_scores": {
    "0": 0.889882803015498,
    "1": 0.7882513661202185,
    "2": 0.6802785691674581,
    "3": 0.9083205505662605,
    "4": 0.7650065663815003
  },
  "round_results": [
    {
      "round": 1,
      "mean_global_f1": 0.427,
      "node_metrics": {
        "0": {
          "f1": 0.4155,
          "precision": 0.2622,
          "recall": 1.0,
          "accuracy": 0.578,
          "threshold": 3139.1013,
          "weight_change": 0.065976,
          "trust_score": 1.0
        },
        "1": {
          "f1": 0.6198,
          "precision": 0.4491,
          "recall": 1.0,
          "accuracy": 0.816,
          "threshold": 2011.4098,
          "weight_change": 0.062853,
          "trust_score": 1.0
        },
        "2": {
          "f1": 0.2163,
          "precision": 0.1277,
          "recall": 0.7067,
          "accuracy": 0.232,
          "threshold": 3005.4186,
          "weight_change": 0.063449,
          "trust_score": 1.0
        },
        "3": {
          "f1": 0.4012,
          "precision": 0.261,
          "recall": 0.8667,
          "accuracy": 0.612,
          "threshold": 4279.791,
          "weight_change": 0.06304,
          "trust_score": 1.0
        },
        "4": {
          "f1": 0.4823,
          "precision": 0.3178,
          "recall": 1.0,
          "accuracy": 0.678,
          "threshold": 1162.0737,
          "weight_change": 0.066002,
          "trust_score": 1.0
        }
      },
      "trust_scores": {
        "0": 0.4155124653739612,
        "1": 0.6198347107438017,
        "2": 0.2163265306122449,
        "3": 0.4012345679012346,
        "4": 0.48231511254019294
      },
      "epsilon": 1.0,
      "use_reputation": true,
      "poison_active": false
    },
    {
      "round": 2,
      "mean_global_f1": 0.5812,
      "node_metrics": {
        "0": {
          "f1": 0.8108,
          "precision": 0.8219,
          "recall": 0.8,
          "accuracy": 0.944,
          "threshold": 4940.4641,
          "weight_change": 0.065023,
          "trust_score": 0.4155
        },
        "1": {
          "f1": 0.8105,
          "precision": 0.7949,
          "recall": 0.8267,
          "accuracy": 0.942,
          "threshold": 3161.2561,
          "weight_change": 0.065117,
          "trust_score": 0.6198
        },
        "2": {
          "f1": 0.2384,
          "precision": 0.1524,
          "recall": 0.5467,
          "accuracy": 0.476,
          "threshold": 5004.2798,
          "weight_change": 0.065082,
          "trust_score": 0.2163
        },
        "3": {
          "f1": 0.6705,
          "precision": 0.5918,
          "recall": 0.7733,
          "accuracy": 0.886,
          "threshold": 7859.3198,
          "weight_change": 0.065119,
          "trust_score": 0.4012
        },
        "4": {
          "f1": 0.376,
          "precision": 0.2686,
          "recall": 0.6267,
          "accuracy": 0.688,
          "threshold": 1126.8909,
          "weight_change": 0.065142,
          "trust_score": 0.4823
        }
      },
      "trust_scores": {
        "0": 0.613161638092386,
        "1": 0.7151461135418355,
        "2": 0.22734931181775037,
        "3": 0.5358773995575536,
        "4": 0.42915755627009644
      },
      "epsilon": 1.0,
      "use_reputation": true,
      "poison_active": false
    },
    {
      "round": 3,
      "mean_global_f1": 0.7239,
      "node_metrics": {
        "0": {
          "f1": 0.7895,
          "precision": 0.7792,
          "recall": 0.8,
          "accuracy": 0.936,
          "threshold": 4461.552,
          "weight_change": 0.061894,
          "trust_score": 0.6132
        },
        "1": {
          "f1": 0.8414,
          "precision": 0.8714,
          "recall": 0.8133,
          "accuracy": 0.954,
          "threshold": 3061.6504,
          "weight_change": 0.061904,
          "trust_score": 0.7151
        },
        "2": {
          "f1": 0.3968,
          "precision": 0.2825,
          "recall": 0.6667,
          "accuracy": 0.696,
          "threshold": 4746.9849,
          "weight_change": 0.061879,
          "trust_score": 0.2273
        },
        "3": {
          "f1": 0.8951,
          "precision": 0.9412,
          "recall": 0.8533,
          "accuracy": 0.97,
          "threshold": 6932.531,
          "weight_change": 0.061877,
          "trust_score": 0.1
        },
        "4": {
          "f1": 0.6965,
          "precision": 0.5556,
          "recall": 0.9333,
          "accuracy": 0.878,
          "threshold": 1254.9534,
          "weight_change": 0.061881,
          "trust_score": 0.4292
        }
      },
      "trust_scores": {
        "0": 0.6719323201317661,
        "1": 0.7572238458094995,
        "2": 0.28384134015363255,
        "3": 0.6556198980733341,
        "4": 0.5182775084918387
      },
      "epsilon": 1.0,
      "use_reputation": true,
      "poison_active": true
    },
    {
      "round": 4,
      "mean_global_f1": 0.6041,
      "node_metrics": {
        "0": {
          "f1": 0.5381,
          "precision": 0.4054,
          "recall": 0.8,
          "accuracy": 0.794,
          "threshold": 4913.4889,
          "weight_change": 0.057639,
          "trust_score": 0.6719
        },
        "1": {
          "f1": 0.8028,
          "precision": 0.8507,
          "recall": 0.76,
          "accuracy": 0.944,
          "threshold": 3957.5541,
          "weight_change": 0.057644,
          "trust_score": 0.7572
        },
        "2": {
          "f1": 0.272,
          "precision": 0.1727,
          "recall": 0.64,
          "accuracy": 0.486,
          "threshold": 4665.1933,
          "weight_change": 0.057646,
          "trust_score": 0.2838
        },
        "3": {
          "f1": 0.6077,
          "precision": 0.5189,
          "recall": 0.7333,
          "accuracy": 0.858,
          "threshold": 6747.9736,
          "weight_change": 0.057652,
          "trust_score": 0.6556
        },
        "4": {
          "f1": 0.8,
          "precision": 0.7333,
          "recall": 0.88,
          "accuracy": 0.934,
          "threshold": 1267.5164,
          "weight_change": 0.057661,
          "trust_score": 0.5183
        }
      },
      "trust_scores": {
        "0": 0.7128003623165293,
        "1": 0.8182179093643827,
        "2": 0.30238405468987195,
        "3": 0.7244533109828675,
        "4": 0.6241724709784412
      },
      "epsilon": 1.0,
      "use_reputation": true,
      "poison_active": true
    },
    {
      "round": 5,
      "mean_global_f1": 0.7637,
      "node_metrics": {
        "0": {
          "f1": 0.9796,
          "precision": 1.0,
          "recall": 0.96,