{
  "run_id": "20260425_144425",
  "config": {
    "num_clients": 5,
    "num_rounds": 10,
    "epsilon": 1.0,
    "use_reputation": true,
    "poison_node_id": null
  },
  "pre_federation": {
    "0": {
      "service": "Login",
      "local_f1": 1.0,
      "global_f1": 0.4983
    },
    "1": {
      "service": "Payment",
      "local_f1": 0.9524,
      "global_f1": 0.3906
    },
    "2": {
      "service": "Search",
      "local_f1": 0.9375,
      "global_f1": 0.3212
    },
    "3": {
      "service": "Profile",
      "local_f1": 0.8696,
      "global_f1": 0.5495
    },
    "4": {
      "service": "Admin",
      "local_f1": 1.0,
      "global_f1": 0.3425
    }
  },
  "post_federation": {
    "0": {
      "service": "Login",
      "local_f1": 1.0,
      "global_f1": 0.8284,
      "improvement": 0.3301
    },
    "1": {
      "service": "Payment",
      "local_f1": 1.0,
      "global_f1": 0.9193,
      "improvement": 0.5287
    },
    "2": {
      "service": "Search",
      "local_f1": 1.0,
      "global_f1": 0.8921,
      "improvement": 0.5709
    },
    "3": {
      "service": "Profile",
      "local_f1": 1.0,
      "global_f1": 0.8343,
      "improvement": 0.2848
    },
    "4": {
      "service": "Admin",
      "local_f1": 0.9286,
      "global_f1": 0.6058,
      "improvement": 0.2633
    }
  },
  "mean_improvement": 0.39555999999999997,
  "final_trust_scores": {
    "0": 0.891948848949346,
    "1": 0.8535793282666422,
    "2": 0.6890048535334413,
    "3": 0.7870403992143121,
    "4": 0.7670498768076066
  },
  "round_results": [
    {
      "round": 1,
      "mean_global_f1": 0.4047,
      "node_metrics": {
        "0": {
          "f1": 0.4011,
          "precision": 0.2508,
          "recall": 1.0,
          "accuracy": 0.552,
          "threshold": 2959.795,
          "weight_change": 0.065632,
          "trust_score": 1.0
        },
        "1": {
          "f1": 0.4762,
          "precision": 0.3125,
          "recall": 1.0,
          "accuracy": 0.67,
          "threshold": 502.9795,
          "weight_change": 0.06439,
          "trust_score": 1.0
        },
        "2": {
          "f1": 0.2642,
          "precision": 0.1559,
          "recall": 0.8667,
          "accuracy": 0.276,
          "threshold": 876.2551,
          "weight_change": 0.070121,
          "trust_score": 1.0
        },
        "3": {
          "f1": 0.4396,
          "precision": 0.2863,
          "recall": 0.9467,
          "accuracy": 0.638,
          "threshold": 858.1429,
          "weight_change": 0.064523,
          "trust_score": 1.0
        },
        "4": {
          "f1": 0.4425,
          "precision": 0.2841,
          "recall": 1.0,
          "accuracy": 0.622,
          "threshold": 279.2433,
          "weight_change": 0.065485,
          "trust_score": 1.0
        }
      },
      "trust_scores": {
        "0": 0.40106951871657753,
        "1": 0.47619047619047616,
        "2": 0.26422764227642276,
        "3": 0.43962848297213625,
        "4": 0.4424778761061947
      },
      "epsilon": 1.0,
      "use_reputation": true,
      "poison_active": false
    },
    {
      "round": 2,
      "mean_global_f1": 0.5773,
      "node_metrics": {
        "0": {
          "f1": 0.8163,
          "precision": 0.8333,
          "recall": 0.8,
          "accuracy": 0.946,
          "threshold": 4856.8601,
          "weight_change": 0.065117,
          "trust_score": 0.4011
        },
        "1": {
          "f1": 0.7821,
          "precision": 0.7531,
          "recall": 0.8133,
          "accuracy": 0.932,
          "threshold": 2993.8846,
          "weight_change": 0.064977,
          "trust_score": 0.4762
        },
        "2": {
          "f1": 0.2143,
          "precision": 0.1304,
          "recall": 0.6,
          "accuracy": 0.34,
          "threshold": 3881.256,
          "weight_change": 0.065115,
          "trust_score": 0.2642
        },
        "3": {
          "f1": 0.6462,
          "precision": 0.525,
          "recall": 0.84,
          "accuracy": 0.862,
          "threshold": 1231.7467,
          "weight_change": 0.065041,
          "trust_score": 0.4396
        },
        "4": {
          "f1": 0.4275,
          "precision": 0.2935,
          "recall": 0.7867,
          "accuracy": 0.684,
          "threshold": 3009.7658,
          "weight_change": 0.065029,
          "trust_score": 0.4425
        }
      },
      "trust_scores": {
        "0": 0.6086980246644113,
        "1": 0.6291208791208791,
        "2": 0.2392566782810685,
        "3": 0.5428911645629912,
        "4": 0.43500705399512635
      },
      "epsilon": 1.0,
      "use_reputation": true,
      "poison_active": false
    },
    {
      "round": 3,
      "mean_global_f1": 0.7549,
      "node_metrics": {
        "0": {
          "f1": 0.8,
          "precision": 0.8,
          "recall": 0.8,
          "accuracy": 0.94,
          "threshold": 4358.3361,
          "weight_change": 0.062583,
          "trust_score": 0.6087
        },
        "1": {
          "f1": 0.9065,
          "precision": 0.9844,
          "recall": 0.84,
          "accuracy": 0.974,
          "threshold": 3704.0417,
          "weight_change": 0.062593,
          "trust_score": 0.6291
        },
        "2": {
          "f1": 0.4609,
          "precision": 0.3419,
          "recall": 0.7067,
          "accuracy": 0.752,
          "threshold": 3645.5335,
          "weight_change": 0.062589,
          "trust_score": 0.2393
        },
        "3": {
          "f1": 0.805,
          "precision": 0.7619,
          "recall": 0.8533,
          "accuracy": 0.938,
          "threshold": 1355.3045,
          "weight_change": 0.062565,
          "trust_score": 0.5429
        },
        "4": {
          "f1": 0.8023,
          "precision": 0.6961,
          "recall": 0.9467,
          "accuracy": 0.93,
          "threshold": 2873.5337,
          "weight_change": 0.062606,
          "trust_score": 0.435
        }
      },
      "trust_scores": {
        "0": 0.6724653497762741,
        "1": 0.7215721927952145,
        "2": 0.3131276405931761,
        "3": 0.630271258555621,
        "4": 0.5574246649986342
      },
      "epsilon": 1.0,
      "use_reputation": true,
      "poison_active": false
    },
    {
      "round": 4,
      "mean_global_f1": 0.5904,
      "node_metrics": {
        "0": {
          "f1": 0.5405,
          "precision": 0.4082,
          "recall": 0.8,
          "accuracy": 0.796,
          "threshold": 4875.774,
          "weight_change": 0.057597,
          "trust_score": 0.6725
        },
        "1": {
          "f1": 0.7097,
          "precision": 0.898,
          "recall": 0.5867,
          "accuracy": 0.928,
          "threshold": 3978.8603,
          "weight_change": 0.057611,
          "trust_score": 0.7216
        },
        "2": {
          "f1": 0.439,
          "precision": 0.3462,
          "recall": 0.6,
          "accuracy": 0.77,
          "threshold": 3542.7126,
          "weight_change": 0.057599,
          "trust_score": 0.3131
        },
        "3": {
          "f1": 0.5474,
          "precision": 0.4522,
          "recall": 0.6933,
          "accuracy": 0.828,
          "threshold": 1476.0174,
          "weight_change": 0.057609,
          "trust_score": 0.6303
        },
        "4": {
          "f1": 0.7154,
          "precision": 0.9167,
          "recall": 0.5867,
          "accuracy": 0.93,
          "threshold": 2654.2012,
          "weight_change": 0.057624,
          "trust_score": 0.5574
        }
      },
      "trust_scores": {
        "0": 0.7189556903842619,
        "1": 0.7994011738500019,
        "2": 0.3713932232490027,
        "3": 0.6661845712491195,
        "4": 0.6484144244537507
      },
      "epsilon": 1.0,
      "use_reputation": true,
      "poison_active": false
    },
    {
      "round": 5,
      "mean_global_f1": 0.8007,
      "node_metrics": {
        "0": {
          "f1": 0.9796,
          "precision": 1.0,
          "recall": 0.96,