{
  "run_id": "20260420_121244",
  "config": {
    "num_clients": 5,
    "num_rounds": 10,
    "epsilon": 1000000000.0,
    "use_reputation": true,
    "poison_node_id": null
  },
  "pre_federation": {
    "0": {
      "service": "Login",
      "local_f1": 0.9375,
      "global_f1": 0.6122
    },
    "1": {
      "service": "Payment",
      "local_f1": 0.9677,
      "global_f1": 0.53
    },
    "2": {
      "service": "Search",
      "local_f1": 0.9677,
      "global_f1": 0.3138
    },
    "3": {
      "service": "Profile",
      "local_f1": 0.9375,
      "global_f1": 0.5137
    },
    "4": {
      "service": "Admin",
      "local_f1": 0.9524,
      "global_f1": 0.431
    }
  },
  "post_federation": {
    "0": {
      "service": "Login",
      "local_f1": 0.9836,
      "global_f1": 0.5068,
      "improvement": -0.1054
    },
    "1": {
      "service": "Payment",
      "local_f1": 0.9677,
      "global_f1": 0.5882,
      "improvement": 0.0582
    },
    "2": {
      "service": "Search",
      "local_f1": 0.9836,
      "global_f1": 0.3055,
      "improvement": -0.0083
    },
    "3": {
      "service": "Profile",
      "local_f1": 0.9836,
      "global_f1": 0.6608,
      "improvement": 0.1471
    },
    "4": {
      "service": "Admin",
      "local_f1": 0.9677,
      "global_f1": 0.3713,
      "improvement": -0.0597
    }
  },
  "mean_improvement": 0.006380000000000002,
  "final_trust_scores": {
    "0": 0.49681949516386603,
    "1": 0.5836986236802413,
    "2": 0.30529200404020335,
    "3": 0.6476459653395882,
    "4": 0.3661955234606622
  },
  "round_results": [
    {
      "round": 1,
      "mean_global_f1": 0.2881,
      "node_metrics": {
        "0": {
          "f1": 0.2924,
          "precision": 0.1712,
          "recall": 1.0,
          "accuracy": 0.274,
          "threshold": 1.6981,
          "weight_change": 0.04431,
          "trust_score": 1.0
        },
        "1": {
          "f1": 0.3247,
          "precision": 0.1938,
          "recall": 1.0,
          "accuracy": 0.376,
          "threshold": 1.6804,
          "weight_change": 0.035908,
          "trust_score": 1.0
        },
        "2": {
          "f1": 0.2747,
          "precision": 0.1592,
          "recall": 1.0,
          "accuracy": 0.208,
          "threshold": 2.1593,
          "weight_change": 0.02653,
          "trust_score": 1.0
        },
        "3": {
          "f1": 0.2747,
          "precision": 0.1592,
          "recall": 1.0,
          "accuracy": 0.208,
          "threshold": 1.7733,
          "weight_change": 0.025003,
          "trust_score": 1.0
        },
        "4": {
          "f1": 0.2742,
          "precision": 0.1589,
          "recall": 1.0,
          "accuracy": 0.206,
          "threshold": 1.7155,
          "weight_change": 0.025386,
          "trust_score": 1.0
        }
      },
      "trust_scores": {
        "0": 0.29239766081871343,
        "1": 0.3246753246753247,
        "2": 0.27472527472527475,
        "3": 0.27472527472527475,
        "4": 0.2742230347349177
      },
      "epsilon": 1000000000.0,
      "use_reputation": true,
      "poison_active": false
    },
    {
      "round": 2,
      "mean_global_f1": 0.3273,
      "node_metrics": {
        "0": {
          "f1": 0.3275,
          "precision": 0.1958,
          "recall": 1.0,
          "accuracy": 0.384,
          "threshold": 2.4567,
          "weight_change": 0.025832,
          "trust_score": 0.2924
        },
        "1": {
          "f1": 0.3979,
          "precision": 0.2483,
          "recall": 1.0,
          "accuracy": 0.546,
          "threshold": 2.4294,
          "weight_change": 0.020764,
          "trust_score": 0.3247
        },
        "2": {
          "f1": 0.2896,
          "precision": 0.1693,
          "recall": 1.0,
          "accuracy": 0.264,
          "threshold": 2.9502,
          "weight_change": 0.010003,
          "trust_score": 0.2747
        },
        "3": {
          "f1": 0.3282,
          "precision": 0.1963,
          "recall": 1.0,
          "accuracy": 0.386,
          "threshold": 2.7968,
          "weight_change": 0.010636,
          "trust_score": 0.2747
        },
        "4": {
          "f1": 0.2935,
          "precision": 0.172,
          "recall": 1.0,
          "accuracy": 0.278,
          "threshold": 2.6999,
          "weight_change": 0.009516,
          "trust_score": 0.2742
        }
      },
      "trust_scores": {
        "0": 0.30995428892464055,
        "1": 0.36127665438010265,
        "2": 0.28215028215028215,
        "3": 0.30147642292062427,
        "4": 0.28388255454945494
      },
      "epsilon": 1000000000.0,
      "use_reputation": true,
      "poison_active": false
    },
    {
      "round": 3,
      "mean_global_f1": 0.3706,
      "node_metrics": {
        "0": {
          "f1": 0.358,
          "precision": 0.218,
          "recall": 1.0,
          "accuracy": 0.462,
          "threshold": 3.0443,
          "weight_change": 0.001922,
          "trust_score": 0.31
        },
        "1": {
          "f1": 0.4717,
          "precision": 0.3086,
          "recall": 1.0,
          "accuracy": 0.664,
          "threshold": 3.0042,
          "weight_change": 0.001928,
          "trust_score": 0.3613
        },
        "2": {
          "f1": 0.2947,
          "precision": 0.1728,
          "recall": 1.0,
          "accuracy": 0.282,
          "threshold": 3.5465,
          "weight_change": 0.001859,
          "trust_score": 0.2822
        },
        "3": {
          "f1": 0.4167,
          "precision": 0.2632,
          "recall": 1.0,
          "accuracy": 0.58,
          "threshold": 3.5801,
          "weight_change": 0.001949,
          "trust_score": 0.3015
        },
        "4": {
          "f1": 0.3119,
          "precision": 0.1847,
          "recall": 1.0,
          "accuracy": 0.338,
          "threshold": 3.4674,
          "weight_change": 0.001933,
          "trust_score": 0.2839
        }
      },
      "trust_scores": {
        "0": 0.3259679348598638,
        "1": 0.39808380732258414,
        "2": 0.2863320152121724,
        "3": 0.33987317083597174,
        "4": 0.29320514031640726
      },
      "epsilon": 1000000000.0,
      "use_reputation": true,
      "poison_active": false
    },
    {
      "round": 4,
      "mean_global_f1": 0.3987,
      "node_metrics": {
        "0": {
          "f1": 0.3927,
          "precision": 0.2443,
          "recall": 1.0,
          "accuracy": 0.536,
          "threshold": 3.4942,
          "weight_change": 0.00189,
          "trust_score": 0.326
        },
        "1": {
          "f1": 0.4934,
          "precision": 0.3275,
          "recall": 1.0,
          "accuracy": 0.692,
          "threshold": 3.4433,
          "weight_change": 0.001874,
          "trust_score": 0.3981
        },
        "2": {
          "f1": 0.3,
          "precision": 0.1765,
          "recall": 1.0,
          "accuracy": 0.3,
          "threshold": 3.9884,
          "weight_change": 0.001812,
          "trust_score": 0.2863
        },
        "3": {
          "f1": 0.4792,
          "precision": 0.3151,
          "recall": 1.0,
          "accuracy": 0.674,
          "threshold": 4.1737,
          "weight_change": 0.001869,
          "trust_score": 0.3399
        },
        "4": {
          "f1": 0.3282,
          "precision": 0.1963,
          "recall": 1.0,
          "accuracy": 0.386,
          "threshold": 4.0641,
          "weight_change": 0.001926,
          "trust_score": 0.2932
        }
      },
      "trust_scores": {
        "0": 0.35939210027631363,
        "1": 0.45433238330800224,
        "2": 0.29475692363708084,
        "3": 0.408042488206567,
        "4": 0.3112066524434259
      },
      "epsilon": 1000000000.0,
      "use_reputation": true,
      "poison_active": false
    },
    {
      "round": 5,
      "mean_global_f1": 0.4306,
      "node_metrics": {
        "0": {
          "f1": 0.419,
          "precision": 0.265,
          "recall": 1.0,