{
  "run_id": "20260421_091549",
  "config": {
    "num_clients": 5,
    "num_rounds": 10,
    "epsilon": 0.5,
    "use_reputation": true,
    "poison_node_id": 1
  },
  "pre_federation": {
    "0": {
      "service": "Login",
      "local_f1": 0.9231,
      "global_f1": 0.5515
    },
    "1": {
      "service": "Payment",
      "local_f1": 0.9375,
      "global_f1": 0.4155
    },
    "2": {
      "service": "Search",
      "local_f1": 0.9524,
      "global_f1": 0.3171
    },
    "3": {
      "service": "Profile",
      "local_f1": 0.9375,
      "global_f1": 0.5068
    },
    "4": {
      "service": "Admin",
      "local_f1": 0.9836,
      "global_f1": 0.4167
    }
  },
  "post_federation": {
    "0": {
      "service": "Login",
      "local_f1": 0.9836,
      "global_f1": 0.9091,
      "improvement": 0.3576
    },
    "1": {
      "service": "Payment",
      "local_f1": 1.0,
      "global_f1": 0.4473,
      "improvement": 0.0318
    },
    "2": {
      "service": "Search",
      "local_f1": 1.0,
      "global_f1": 0.9078,
      "improvement": 0.5907
    },
    "3": {
      "service": "Profile",
      "local_f1": 0.9091,
      "global_f1": 0.8662,
      "improvement": 0.3594
    },
    "4": {
      "service": "Admin",
      "local_f1": 0.5581,
      "global_f1": 0.7784,
      "improvement": 0.3617
    }
  },
  "mean_improvement": 0.34024,
  "final_trust_scores": {
    "0": 0.818854553501171,
    "1": 0.6684400415825843,
    "2": 0.6608252500949544,
    "3": 0.8008413826532275,
    "4": 0.8564309289916898
  },
  "round_results": [
    {
      "round": 1,
      "mean_global_f1": 0.4089,
      "node_metrics": {
        "0": {
          "f1": 0.3641,
          "precision": 0.2226,
          "recall": 1.0,
          "accuracy": 0.476,
          "threshold": 42010.6295,
          "weight_change": 0.058272,
          "trust_score": 1.0
        },
        "1": {
          "f1": 0.5725,
          "precision": 0.4056,
          "recall": 0.9733,
          "accuracy": 0.782,
          "threshold": 57823.0801,
          "weight_change": 0.064103,
          "trust_score": 1.0
        },
        "2": {
          "f1": 0.26,
          "precision": 0.1529,
          "recall": 0.8667,
          "accuracy": 0.26,
          "threshold": 33971.7894,
          "weight_change": 0.066012,
          "trust_score": 1.0
        },
        "3": {
          "f1": 0.4698,
          "precision": 0.3083,
          "recall": 0.9867,
          "accuracy": 0.666,
          "threshold": 56088.041,
          "weight_change": 0.068363,
          "trust_score": 1.0
        },
        "4": {
          "f1": 0.3782,
          "precision": 0.26,
          "recall": 0.6933,
          "accuracy": 0.658,
          "threshold": 551104.0571,
          "weight_change": 0.06507,
          "trust_score": 1.0
        }
      },
      "trust_scores": {
        "0": 0.3640776699029126,
        "1": 0.5725490196078431,
        "2": 0.26,
        "3": 0.46984126984126984,
        "4": 0.3781818181818182
      },
      "epsilon": 0.5,
      "use_reputation": true,
      "poison_active": false
    },
    {
      "round": 2,
      "mean_global_f1": 0.3651,
      "node_metrics": {
        "0": {
          "f1": 0.3396,
          "precision": 0.2368,
          "recall": 0.6,
          "accuracy": 0.65,
          "threshold": 162829.5133,
          "weight_change": 0.065758,
          "trust_score": 0.3641
        },
        "1": {
          "f1": 0.3504,
          "precision": 0.3871,
          "recall": 0.32,
          "accuracy": 0.822,
          "threshold": 86095.8022,
          "weight_change": 0.065676,
          "trust_score": 0.5725
        },
        "2": {
          "f1": 0.1907,
          "precision": 0.1144,
          "recall": 0.5733,
          "accuracy": 0.27,
          "threshold": 73167.2236,
          "weight_change": 0.065745,
          "trust_score": 0.26
        },
        "3": {
          "f1": 0.3644,
          "precision": 0.2671,
          "recall": 0.5733,
          "accuracy": 0.7,
          "threshold": 104496.4905,
          "weight_change": 0.065735,
          "trust_score": 0.4698
        },
        "4": {
          "f1": 0.5806,
          "precision": 0.7347,
          "recall": 0.48,
          "accuracy": 0.896,
          "threshold": 1312642.2269,
          "weight_change": 0.065745,
          "trust_score": 0.3782
        }
      },
      "trust_scores": {
        "0": 0.3518501557061733,
        "1": 0.4614569915557464,
        "2": 0.22534368070953437,
        "3": 0.4171240247511434,
        "4": 0.4794134897360704
      },
      "epsilon": 0.5,
      "use_reputation": true,
      "poison_active": false
    },
    {
      "round": 3,
      "mean_global_f1": 0.738,
      "node_metrics": {
        "0": {
          "f1": 0.9128,
          "precision": 0.9189,
          "recall": 0.9067,
          "accuracy": 0.974,
          "threshold": 166477.3229,
          "weight_change": 0.062849,
          "trust_score": 0.3519
        },
        "1": {
          "f1": 0.6169,
          "precision": 0.4921,
          "recall": 0.8267,
          "accuracy": 0.846,
          "threshold": 85662.1281,
          "weight_change": 0.06284,
          "trust_score": 0.1
        },
        "2": {
          "f1": 0.576,
          "precision": 0.4114,
          "recall": 0.96,
          "accuracy": 0.788,
          "threshold": 154258.9032,
          "weight_change": 0.062848,
          "trust_score": 0.2253
        },
        "3": {
          "f1": 0.814,
          "precision": 0.7216,
          "recall": 0.9333,
          "accuracy": 0.936,
          "threshold": 130822.4959,
          "weight_change": 0.062845,
          "trust_score": 0.4171
        },
        "4": {
          "f1": 0.7705,
          "precision": 1.0,
          "recall": 0.6267,
          "accuracy": 0.944,
          "threshold": 1100080.4931,
          "weight_change": 0.062852,
          "trust_score": 0.4794
        }
      },
      "trust_scores": {
        "0": 0.5388173297548985,
        "1": 0.5132764686656883,
        "2": 0.34222912047302295,
        "3": 0.5494005126247933,
        "4": 0.5764395942502764
      },
      "epsilon": 0.5,
      "use_reputation": true,
      "poison_active": true
    },
    {
      "round": 4,
      "mean_global_f1": 0.6214,
      "node_metrics": {
        "0": {
          "f1": 0.5083,
          "precision": 0.434,
          "recall": 0.6133,
          "accuracy": 0.822,
          "threshold": 162943.6235,
          "weight_change": 0.058341,
          "trust_score": 0.5388
        },
        "1": {
          "f1": 0.915,
          "precision": 0.8974,
          "recall": 0.9333,
          "accuracy": 0.974,
          "threshold": 99620.3035,
          "weight_change": 0.058324,
          "trust_score": 0.5133
        },
        "2": {
          "f1": 0.2844,
          "precision": 0.2133,
          "recall": 0.4267,
          "accuracy": 0.678,
          "threshold": 157584.2168,
          "weight_change": 0.058342,
          "trust_score": 0.3422
        },
        "3": {
          "f1": 0.6182,
          "precision": 0.5667,
          "recall": 0.68,
          "accuracy": 0.874,
          "threshold": 161136.5166,
          "weight_change": 0.058335,
          "trust_score": 0.5494
        },
        "4": {
          "f1": 0.7812,
          "precision": 0.9434,
          "recall": 0.6667,
          "accuracy": 0.944,
          "threshold": 947483.5017,
          "weight_change": 0.058332,
          "trust_score": 0.5764
        }
      },
      "trust_scores": {
        "0": 0.5868872040598209,
        "1": 0.6274376887092613,
        "2": 0.350377268621171,
        "3": 0.5988473620716427,
        "4": 0.7107956548563371
      },
      "epsilon": 0.5,
      "use_reputation": true,
      "poison_active": true
    },
    {
      "round": 5,
      "mean_global_f1": 0.8415,
      "node_metrics": {
        "0": {
          "f1": 0.6122,
          "precision": 0.4412,